URL,講義コード,講義名称,学則科目名称,校地,代表教員,科目群,科目コード,授業実践言語,開講時期,関連科目,履修条件
https://syllabus.jaist.ac.jp/public/web/Syllabus/WebSyllabusSansho/UI/WSL_SyllabusSansho.aspx?P1=I4934000&P2=2025&P3=20260401,I4934000,AI/人を対象とした研究倫理Ⅰ,AI/人を対象とした研究倫理Ⅰ,石川,長谷川　忍,情報科学系科目（石川）,I493,日本語,2の1期,なし,なし
https://syllabus.jaist.ac.jp/public/web/Syllabus/WebSyllabusSansho/UI/WSL_SyllabusSansho.aspx?P1=I661E000&P2=2025&P3=20260401,I661E000,AI/人を対象とした研究倫理Ⅱ(E),AI/人を対象とした研究倫理Ⅱ(E),石川,,情報科学系科目（石川）,I661E,英語,非開講,令和8年度開講予定,令和8年度開講予定
https://syllabus.jaist.ac.jp/public/web/Syllabus/WebSyllabusSansho/UI/WSL_SyllabusSansho.aspx?P1=I4720000&P2=2025&P3=20260401,I4720000,IoT技術特論,IoT技術特論,石川,,情報科学系科目（石川）,I472,日本語,非開講,I226（コンピュータネットワーク特論）の内容を修得していることが望ましい。,なし
https://syllabus.jaist.ac.jp/public/web/Syllabus/WebSyllabusSansho/UI/WSL_SyllabusSansho.aspx?P1=I1111000&P2=2025&P3=20260401,I1111000,アルゴリズムとデータ構造,アルゴリズムとデータ構造,石川,池田　心,情報科学系科目（石川）,I111,日本語,1の1期,なし,なし
https://syllabus.jaist.ac.jp/public/web/Syllabus/WebSyllabusSansho/UI/WSL_SyllabusSansho.aspx?P1=I111E400&P2=2025&P3=20260401,I111E400,アルゴリズムとデータ構造(E),アルゴリズムとデータ構造(E),石川,"SCHWARTZMAN, Gregory",情報科学系科目（石川）,I111E,英語,2の1期,None,None
https://syllabus.jaist.ac.jp/public/web/Syllabus/WebSyllabusSansho/UI/WSL_SyllabusSansho.aspx?P1=K4923000&P2=2025&P3=20260401,K4923000,アントレプレヌールシップとイノベーション,アントレプレヌールシップとイノベーション,石川,中田　泰子,知識科学系科目（石川）,K492,日本語,夏期集中,K479 サービス経営論、K473 イノベーション・マネジメント論,なし
https://syllabus.jaist.ac.jp/public/web/Syllabus/WebSyllabusSansho/UI/WSL_SyllabusSansho.aspx?P1=K501E500&P2=2025&P3=20260401,K501E500,イノベーション創出論(E),イノベーション創出論(E),石川,"KIM, Eunyoung",知識科学系科目（石川）,K501E,英語,2の2期,None,None
https://syllabus.jaist.ac.jp/public/web/Syllabus/WebSyllabusSansho/UI/WSL_SyllabusSansho.aspx?P1=K229EJ00&P2=2025&P3=20260401,K229EJ00,イノベーションデザイン論(EJ),イノベーションデザイン論(E),石川,,知識科学系科目（石川）,K229EJ,日本語/英語,非開講,K228「知識科学概論」K470「知識創造論」K471「メディア創造論」,なし
https://syllabus.jaist.ac.jp/public/web/Syllabus/WebSyllabusSansho/UI/WSL_SyllabusSansho.aspx?P1=K4732000&P2=2025&P3=20260401,K4732000,イノベーション・マネジメント論,イノベーション・マネジメント論,石川,島田　淳一,知識科学系科目（石川）,K473,日本語,1の2期,技術経営改革実践論（K433）、サービス経営論（K479）、イノベーションデザイン論（K229）,特になし （イノベーションに興味があること）
https://syllabus.jaist.ac.jp/public/web/Syllabus/WebSyllabusSansho/UI/WSL_SyllabusSansho.aspx?P1=T0110000&P2=2025&P3=20260401,T0110000,インターンシップa（JAIST）,インターンシップa（JAIST）,石川,,必修科目（融合科学共同専攻）,T011,日本語／英語,通年,なし,なし
https://syllabus.jaist.ac.jp/public/web/Syllabus/WebSyllabusSansho/UI/WSL_SyllabusSansho.aspx?P1=T0120000&P2=2025&P3=20260401,T0120000,インターンシップb（JAIST）,インターンシップb（JAIST）,石川,,必修科目（融合科学共同専攻）,T012,日本語／英語,通年,なし,なし
https://syllabus.jaist.ac.jp/public/web/Syllabus/WebSyllabusSansho/UI/WSL_SyllabusSansho.aspx?P1=M4212000&P2=2025&P3=20260401,M4212000,エレクトロニクス特論,エレクトロニクス特論,石川,鈴木　寿一,マテリアルサイエンス系科目,M421,日本語,1の2期,半導体デバイスの動作原理についてM414デバイス物理特論を履修することが望まれる。,M213応用電磁気学特論及びM245応用物性数学特論の理解を前提とする。
https://syllabus.jaist.ac.jp/public/web/Syllabus/WebSyllabusSansho/UI/WSL_SyllabusSansho.aspx?P1=I2331000&P2=2025&P3=20260401,I2331000,オペレーティングシステム特論,オペレーティングシステム特論,石川,宇多　仁,情報科学系科目（石川）,I233,日本語,1の1期,なし,I440（高機能オペレーティングシステム）の単位修得者は履修不可。
https://syllabus.jaist.ac.jp/public/web/Syllabus/WebSyllabusSansho/UI/WSL_SyllabusSansho.aspx?P1=I233E500&P2=2025&P3=20260401,I233E500,オペレーティングシステム特論(E),オペレーティングシステム特論(E),石川,"BEURAN, Razvan Florin",情報科学系科目（石川）,I233E,英語,2の2期,It is recommended that students who take this course have knowledge equivalent to:- I112 Fundamentals of Computer Systems and AIAND at least TWO of the following courses:- I111 Algorithms and Data Structures- I115 Digital Logic and Computer Design- I116 Fundamentals of Programming,Students who have already earned credits for the course I440 “Enhanced Operating Systems” cannot register for this course.
https://syllabus.jaist.ac.jp/public/web/Syllabus/WebSyllabusSansho/UI/WSL_SyllabusSansho.aspx?P1=I2351000&P2=2025&P3=20260401,I2351000,ゲーム情報学特論,ゲーム情報学特論,石川,池田　心,情報科学系科目（石川）,I235,日本語,1の1期,なし,なし
https://syllabus.jaist.ac.jp/public/web/Syllabus/WebSyllabusSansho/UI/WSL_SyllabusSansho.aspx?P1=I235E500&P2=2025&P3=20260401,I235E500,ゲーム情報学特論(E),ゲーム情報学特論(E),石川,池田　心,情報科学系科目（石川）,I235E,英語,2の2期,None,None
https://syllabus.jaist.ac.jp/public/web/Syllabus/WebSyllabusSansho/UI/WSL_SyllabusSansho.aspx?P1=I2262000&P2=2025&P3=20260401,I2262000,コンピュータネットワーク特論,コンピュータネットワーク特論,石川,丹　康雄,情報科学系科目（石川）,I226,日本語,1の2期,I212（情報解析学特論）の講義内容を理解していることが望ましい。また、I450（ネットワーク設計演習）を履修するためには本科目の知識が必要である。,なし
https://syllabus.jaist.ac.jp/public/web/Syllabus/WebSyllabusSansho/UI/WSL_SyllabusSansho.aspx?P1=I226E400&P2=2025&P3=20260401,I226E400,コンピュータネットワーク特論(E),コンピュータネットワーク特論(E),石川,リム　勇仁,情報科学系科目（石川）,I226E,英語,2の1期,"This course helps you to understand the basics of signal processing discussed in the I212 Analysis for Information Science. Besides that, the knowledge of this course is required to take the I450 Network Design Laboratory.",None
https://syllabus.jaist.ac.jp/public/web/Syllabus/WebSyllabusSansho/UI/WSL_SyllabusSansho.aspx?P1=I242EJ00&P2=2025&P3=20260401,I242EJ00,サイバーセキュリティ演習(EJ),サイバーセキュリティ演習(E),石川,,情報科学系科目（石川）,I242EJ,日本語/英語,非開講,令和8年度開講予定,令和8年度開講予定
https://syllabus.jaist.ac.jp/public/web/Syllabus/WebSyllabusSansho/UI/WSL_SyllabusSansho.aspx?P1=I241EJ00&P2=2025&P3=20260401,I241EJ00,サイバーセキュリティ特論(EJ),サイバーセキュリティ特論(E),石川,,情報科学系科目（石川）,I241EJ,日本語/英語,非開講,令和8年度開講予定,令和8年度開講予定
https://syllabus.jaist.ac.jp/public/web/Syllabus/WebSyllabusSansho/UI/WSL_SyllabusSansho.aspx?P1=K4794000&P2=2025&P3=20260401,K4794000,サービス経営論,サービス経営論,石川,白肌　邦生,知識科学系科目（石川）,K479,日本語,2の1期,なし,特になし。他学位取得希望者の参加を歓迎する。
https://syllabus.jaist.ac.jp/public/web/Syllabus/WebSyllabusSansho/UI/WSL_SyllabusSansho.aspx?P1=I2141000&P2=2025&P3=20260401,I2141000,システム最適化,システム最適化,石川,平石　邦彦,情報科学系科目（石川）,I214,日本語,1の1期,なし,なし
https://syllabus.jaist.ac.jp/public/web/Syllabus/WebSyllabusSansho/UI/WSL_SyllabusSansho.aspx?P1=I214E500&P2=2025&P3=20260401,I214E500,システム最適化(E),システム最適化(E),石川,"KURKOSKI, Brian Michael",情報科学系科目（石川）,I214E,英語,2の2期,None,Knowledge of linear algebra and basic calculus is required.
https://syllabus.jaist.ac.jp/public/web/Syllabus/WebSyllabusSansho/UI/WSL_SyllabusSansho.aspx?P1=I4274000&P2=2025&P3=20260401,I4274000,システム制御理論,システム制御理論,石川,浅野　文彦,情報科学系科目（石川）,I427,日本語,2の1期,I212（情報解析学特論）、I213（離散信号処理特論）,微分積分と線形代数の基礎知識を前提とする。
https://syllabus.jaist.ac.jp/public/web/Syllabus/WebSyllabusSansho/UI/WSL_SyllabusSansho.aspx?P1=I4780000&P2=2025&P3=20260401,I4780000,システム開発管理,システム開発管理,石川,,情報科学系科目（石川）,I478,日本語,非開講,なし,相当する知識・経験があるとベターであるが、それよりはむしろ、この講義へのモチベーションがあることが重要。
https://syllabus.jaist.ac.jp/public/web/Syllabus/WebSyllabusSansho/UI/WSL_SyllabusSansho.aspx?P1=K2134000&P2=2025&P3=20260401,K2134000,システム科学方法論,システム科学方法論,石川,郷右近　英臣,知識科学系科目（石川）,K213,日本語,2の1期,なし,なし
https://syllabus.jaist.ac.jp/public/web/Syllabus/WebSyllabusSansho/UI/WSL_SyllabusSansho.aspx?P1=K213E500&P2=2025&P3=20260401,K213E500,システム科学方法論(E),システム科学方法論(E),石川,"HUYNH, Nam Van",知識科学系科目（石川）,K213E,英語,2の2期,・K228 Introduction to Knowledge Science・K414 Complex Systems Analysis・K613E Social-Technical Complex Systems(E),None
https://syllabus.jaist.ac.jp/public/web/Syllabus/WebSyllabusSansho/UI/WSL_SyllabusSansho.aspx?P1=I658E000&P2=2025&P3=20260401,I658E000,シーケンスモデリングの基礎(E),シーケンスモデリングの基礎(E),石川,,情報科学系科目（石川）,I658E,英語,非開講,I119 Statistics for Data AnalyticsI225 Statistical Signal ProcessingI239 Machine LearningI223 Natural Language ProcessingI439 Speech Information Processing,Knowledge of ”statistics for data analytics” and ”machine learning” is preferred but not mandatory.
https://syllabus.jaist.ac.jp/public/web/Syllabus/WebSyllabusSansho/UI/WSL_SyllabusSansho.aspx?P1=I4831000&P2=2025&P3=20260401,I4831000,スマート組込みシステム開発演習,スマート組込みシステム開発演習,石川,"SIOUTIS, Marios",情報科学系科目（石川）,I483,日本語,1の1期,I116 プログラミング基礎、I219 ソフトウェア設計論、I226 コンピュータネットワーク特論、I233 オペレーティングシステム特論、I450 ネットワーク設計演習、I481 高信頼組込みシステム開発演習、I482 高信頼組込みシステム開発プロセス設計,I116プログラミング基礎を履修済み、もしくは相当する知識を有すること。また、I226コンピュータネットワーク特論、I233オペレーティングシステムに相当する知識を有することが望ましい。なお、実習機材の都合上、履修可能人数には上限がある。
https://syllabus.jaist.ac.jp/public/web/Syllabus/WebSyllabusSansho/UI/WSL_SyllabusSansho.aspx?P1=16751000&P2=2025&P3=20260401,16751000,ゼミナール・演習Ⅰ（JAIST）,ゼミナール・演習Ⅰ（JAIST）,石川,,研究支援科目,16751,日本語／英語,通年,なし,なし
https://syllabus.jaist.ac.jp/public/web/Syllabus/WebSyllabusSansho/UI/WSL_SyllabusSansho.aspx?P1=18751000&P2=2025&P3=20260401,18751000,ゼミナール・演習Ⅱ（JAIST）,ゼミナール・演習Ⅱ（JAIST）,石川,,研究支援科目,18751,日本語／英語,通年,なし,なし
https://syllabus.jaist.ac.jp/public/web/Syllabus/WebSyllabusSansho/UI/WSL_SyllabusSansho.aspx?P1=I4430000&P2=2025&P3=20260401,I4430000,ソフトウェア検証論,ソフトウェア検証論,石川,,情報科学系科目（石川）,I443,日本語,非開講,I211　数理論理学I237 形式言語とオートマトン,I211（数理論理学）とI237(形式言語とオートマトン)の知識を前提とする。
https://syllabus.jaist.ac.jp/public/web/Syllabus/WebSyllabusSansho/UI/WSL_SyllabusSansho.aspx?P1=I2192000&P2=2025&P3=20260401,I2192000,ソフトウェア設計論,ソフトウェア設計論,石川,青木　利晃,情報科学系科目（石川）,I219,日本語,1の2期,I116 プログラミング基礎,プログラミングについて一通りの知識と経験を有すること。
https://syllabus.jaist.ac.jp/public/web/Syllabus/WebSyllabusSansho/UI/WSL_SyllabusSansho.aspx?P1=I219E500&P2=2025&P3=20260401,I219E500,ソフトウェア設計論(E),ソフトウェア設計論(E),石川,青木　利晃,情報科学系科目（石川）,I219E,英語,2の2期,I116 プログラミング基礎,プログラミングについて一通りの知識と経験を有すること。
https://syllabus.jaist.ac.jp/public/web/Syllabus/WebSyllabusSansho/UI/WSL_SyllabusSansho.aspx?P1=I4680000&P2=2025&P3=20260401,I4680000,ダイナミクスのモデリング,ダイナミクスのモデリング,石川,,情報科学系科目（石川）,I468,日本語,非開講,なし,学部程度の応用数学の知識(微分積分や線形代数のオペレーション)は前提とする。
https://syllabus.jaist.ac.jp/public/web/Syllabus/WebSyllabusSansho/UI/WSL_SyllabusSansho.aspx?P1=K4270000&P2=2025&P3=20260401,K4270000,デザイン創造過程論,デザイン創造過程論,石川,,知識科学系科目（石川）,K427,日本語,非開講,無し,デザイン実務の経験は問わない
https://syllabus.jaist.ac.jp/public/web/Syllabus/WebSyllabusSansho/UI/WSL_SyllabusSansho.aspx?P1=K427E000&P2=2025&P3=20260401,K427E000,デザイン創造過程論(E),デザイン創造過程論(E),石川,,知識科学系科目（石川）,K427E,英語,非開講,K444(J/E) Design Cognition,None
https://syllabus.jaist.ac.jp/public/web/Syllabus/WebSyllabusSansho/UI/WSL_SyllabusSansho.aspx?P1=K4440000&P2=2025&P3=20260401,K4440000,デザイン認知論,デザイン認知論,石川,,知識科学系科目（石川）,K444,日本語,非開講,なし,デザイン実務の経験は問わない
https://syllabus.jaist.ac.jp/public/web/Syllabus/WebSyllabusSansho/UI/WSL_SyllabusSansho.aspx?P1=K444E100&P2=2025&P3=20260401,K444E100,デザイン認知論(E),デザイン認知論(E),石川,"KOOHSARI, Mohammadjavad",知識科学系科目（石川）,K444E,英語,1の1期,K427(E/J) Theory on Creative Process in Design,None
https://syllabus.jaist.ac.jp/public/web/Syllabus/WebSyllabusSansho/UI/WSL_SyllabusSansho.aspx?P1=I1151000&P2=2025&P3=20260401,I1151000,デジタル論理と計算機構成,デジタル論理と計算機構成,石川,井口　寧,情報科学系科目（石川）,I115,日本語,1の1期,なし,なし
https://syllabus.jaist.ac.jp/public/web/Syllabus/WebSyllabusSansho/UI/WSL_SyllabusSansho.aspx?P1=M4144000&P2=2025&P3=20260401,M4144000,デバイス物理特論,デバイス物理特論,石川,大平　圭介,マテリアルサイエンス系科目,M414,日本語,2の1期,M213 応用電磁気学特論、M211 量子力学特論、M243 固体物理学特論Ｉ等の講義内容を理解しておくことが望ましい。,なし
https://syllabus.jaist.ac.jp/public/web/Syllabus/WebSyllabusSansho/UI/WSL_SyllabusSansho.aspx?P1=I1191000&P2=2025&P3=20260401,I1191000,データ分析のための情報統計学,データ分析のための情報統計学,石川,木谷　俊介,情報科学系科目（石川）,I119,日本語,1の1期,K236　データ駆動型AI基礎、K417　共創データ駆動型AI、K619　共創AI特論、I114 基礎情報数学,なし
https://syllabus.jaist.ac.jp/public/web/Syllabus/WebSyllabusSansho/UI/WSL_SyllabusSansho.aspx?P1=I4945000&P2=2025&P3=20260401,I4945000,データサイエンス実践演習Ⅰ,データサイエンス実践演習Ⅰ,石川,井之上　直也,情報科学系科目（石川）,I494,日本語,2の2期,I119 データ分析のための情報統計学,JAIST×Humanコースの学生であること。
https://syllabus.jaist.ac.jp/public/web/Syllabus/WebSyllabusSansho/UI/WSL_SyllabusSansho.aspx?P1=I662E500&P2=2025&P3=20260401,I662E500,データサイエンス実践演習Ⅱ(E),データサイエンス実践演習Ⅱ(E),石川,"KERTKEIDKACHORN, Natthawut",情報科学系科目（石川）,I662E,英語,2の2期,None,Only students in the JAIST×Human course can take this lecture.
https://syllabus.jaist.ac.jp/public/web/Syllabus/WebSyllabusSansho/UI/WSL_SyllabusSansho.aspx?P1=K236EJ20&P2=2025&P3=20260401,K236EJ20,データ駆動型AI基礎(EJ),データ駆動型AI基礎(E),石川,DAM Hieu Chi,知識科学系科目（石川）,K236EJ,日本語/英語,1の2期,I119　データ分析のための情報統計学、K417EJ　共創データ駆動型AI (EJ)、K619E 共創AI特論 (E),I119　データ分析のための情報統計学 を修得済み、またはそれと同程度の情報統計の知識を持つこと
https://syllabus.jaist.ac.jp/public/web/Syllabus/WebSyllabusSansho/UI/WSL_SyllabusSansho.aspx?P1=K2411000&P2=2025&P3=20260401,K2411000,トランスフォーマティブ知識経営論,トランスフォーマティブ知識経営論,石川,白肌　邦生,知識科学系科目（石川）,K241,日本語,1の1期,K479 サービス経営論,なし
https://syllabus.jaist.ac.jp/public/web/Syllabus/WebSyllabusSansho/UI/WSL_SyllabusSansho.aspx?P1=N0034000&P2=2025&P3=20260401,N0034000,ナノ分子解析論（実習付）,ナノ分子解析論（実習付),石川,大木　進野,共同教育研究施設授業科目,N003,日本語,2の1期,M622　先端生体分子科学特論,化学、生物、ならびに、ＰＣ操作の基礎知識が必要。
https://syllabus.jaist.ac.jp/public/web/Syllabus/WebSyllabusSansho/UI/WSL_SyllabusSansho.aspx?P1=N0054000&P2=2025&P3=20260401,N0054000,ナノ材料分析論（実習付）,ナノ材料分析論（実習付）,石川,篠原　健一,共同教育研究施設授業科目,N005,日本語,2の1期,なし,なし
https://syllabus.jaist.ac.jp/public/web/Syllabus/WebSyllabusSansho/UI/WSL_SyllabusSansho.aspx?P1=N0014000&P2=2025&P3=20260401,N0014000,ナノデバイス加工論（実習付）,ナノデバイス加工論（実習付）,石川,赤堀　誠志,共同教育研究施設授業科目,N001,日本語,2の1期,内容理解のために、M243  固体物理学特論I、M420 固体物理学特論II、M421 エレクトロニクス特論、M414 デバイス物理特論を別途履修することが望ましい。,なし
https://syllabus.jaist.ac.jp/public/web/Syllabus/WebSyllabusSansho/UI/WSL_SyllabusSansho.aspx?P1=N0024000&P2=2025&P3=20260401,N0024000,ナノバイオテクノロジー論（実習付）,ナノバイオテクノロジー論（実習付）,石川,芳坂　貴弘,共同教育研究施設授業科目,N002,日本語,2の1期,生物有機化学特論（M231）、生体分子機能特論（M261）、生体材料分析特論（M262）,なし
https://syllabus.jaist.ac.jp/public/web/Syllabus/WebSyllabusSansho/UI/WSL_SyllabusSansho.aspx?P1=N0044000&P2=2025&P3=20260401,N0044000,ナノ固体解析論（実習付）,ナノ固体解析論（実習付）,石川,前之園　信也,共同教育研究施設授業科目,N004,日本語,2の1期,なし,なし
https://syllabus.jaist.ac.jp/public/web/Syllabus/WebSyllabusSansho/UI/WSL_SyllabusSansho.aspx?P1=I4505000&P2=2025&P3=20260401,I4505000,ネットワーク設計演習,ネットワーク設計演習,石川,リム　勇仁,情報科学系科目（石川）,I450,日本語,2の2期,I226 コンピュータネットワーク特論I441 高機能コンピュータネットワーク,I226コンピュータネットワーク特論の知識を前提とする。なお、実習環境の都合上、履修可能な人数は限られる。
https://syllabus.jaist.ac.jp/public/web/Syllabus/WebSyllabusSansho/UI/WSL_SyllabusSansho.aspx?P1=K4872000&P2=2025&P3=20260401,K4872000,ネットワーク科学論,ネットワーク科学論,石川,林　幸雄,知識科学系科目（石川）,K487,日本語,1の2期,システム科学方法論(K213)、機械学習(I239)、システム最適化(I214),なし
https://syllabus.jaist.ac.jp/public/web/Syllabus/WebSyllabusSansho/UI/WSL_SyllabusSansho.aspx?P1=I4733000&P2=2025&P3=20260401,I4733000,ハード・ソフト・コデザイン,ハード・ソフト・コデザイン,石川,非常勤講師（石川）,情報科学系科目（石川）,I473,日本語,夏期集中,なし,電子回路設計の知識が無くても理解できるように配慮して講義は進めるが、順序回路・組み合わせ回路の基礎、コンパイラの基礎、計算機の基礎等を修得しているのが望ましい。
https://syllabus.jaist.ac.jp/public/web/Syllabus/WebSyllabusSansho/UI/WSL_SyllabusSansho.aspx?P1=M283E500&P2=2025&P3=20260401,M283E500,バイオ機能・組織化特論(E),バイオ機能・組織化特論(E),石川,高村　禅,マテリアルサイエンス系科目,M283E,英語,2の2期,M285E Bioscience and Biotechnology(E).,None
https://syllabus.jaist.ac.jp/public/web/Syllabus/WebSyllabusSansho/UI/WSL_SyllabusSansho.aspx?P1=I4970000&P2=2025&P3=20260401,I4970000,ヒューマンAIインタラクション演習Ⅰ,ヒューマンAIインタラクション演習Ⅰ,石川,,情報科学系科目（石川）,I497,日本語,非開講,令和8年度開講予定,令和8年度開講予定
https://syllabus.jaist.ac.jp/public/web/Syllabus/WebSyllabusSansho/UI/WSL_SyllabusSansho.aspx?P1=I665E000&P2=2025&P3=20260401,I665E000,ヒューマンAIインタラクション演習Ⅱ(E),ヒューマンAIインタラクション演習Ⅱ(E),石川,,情報科学系科目（石川）,I665E,英語,非開講,令和8年度開講予定,令和8年度開講予定
https://syllabus.jaist.ac.jp/public/web/Syllabus/WebSyllabusSansho/UI/WSL_SyllabusSansho.aspx?P1=I4960000&P2=2025&P3=20260401,I4960000,ヒューマンAIインタラクションⅠ,ヒューマンAIインタラクションⅠ,石川,,情報科学系科目（石川）,I496,日本語,非開講,令和8年度開講予定,令和8年度開講予定
https://syllabus.jaist.ac.jp/public/web/Syllabus/WebSyllabusSansho/UI/WSL_SyllabusSansho.aspx?P1=I664E000&P2=2025&P3=20260401,I664E000,ヒューマンAIインタラクションⅡ(E),ヒューマンAIインタラクションⅡ(E),石川,,情報科学系科目（石川）,I664E,英語,非開講,令和8年度開講予定,令和8年度開講予定
https://syllabus.jaist.ac.jp/public/web/Syllabus/WebSyllabusSansho/UI/WSL_SyllabusSansho.aspx?P1=I1162000&P2=2025&P3=20260401,I1162000,プログラミング基礎,プログラミング基礎,石川,緒方　和博,情報科学系科目（石川）,I116,日本語,1の2期,I111 アルゴリズムとデータ構造I112 計算機システムとAI基礎,学修意欲の継続
https://syllabus.jaist.ac.jp/public/web/Syllabus/WebSyllabusSansho/UI/WSL_SyllabusSansho.aspx?P1=I116E400&P2=2025&P3=20260401,I116E400,プログラミング基礎(E),プログラミング基礎(E),石川,丁　洛榮,情報科学系科目（石川）,I116E,英語,2の1期,I111 Algorithms and Data StructuresI112 Fundamentals of Computer Systems and AI,Basic Understanding of (Discrete) Math is required.Students are expected to do additional exercises and write computer codes actively both during and outside class hours.
https://syllabus.jaist.ac.jp/public/web/Syllabus/WebSyllabusSansho/UI/WSL_SyllabusSansho.aspx?P1=I4670000&P2=2025&P3=20260401,I4670000,プロセッサ設計演習,プロセッサ設計演習,石川,,情報科学系科目（石川）,I467,日本語,非開講,I115（デジタル論理と計算機構成）、I218（計算機アーキテクチャ特論）,I115（デジタル論理と計算機構成）とI218（計算機アーキテクチャ特論）の知識を前提とする。実習環境の都合上、履修可能な人数は限られる。
https://syllabus.jaist.ac.jp/public/web/Syllabus/WebSyllabusSansho/UI/WSL_SyllabusSansho.aspx?P1=M273EJ00&P2=2025&P3=20260401,M273EJ00,メカトロニクス(EJ),メカトロニクス(E),石川,,マテリアルサイエンス系科目,M273EJ,日本語/英語,非開講,I116 プログラミング基礎M111 材料物理概論M245 応用物性数学持論I213 離散信号処理特論I427 システム制御理論,特に条件はないが、ものづくりに興味を持つ学生は授業を受けて欲しい。
https://syllabus.jaist.ac.jp/public/web/Syllabus/WebSyllabusSansho/UI/WSL_SyllabusSansho.aspx?P1=K4711000&P2=2025&P3=20260401,K4711000,メディア創造論,メディア創造論,石川,宮田　一乘,知識科学系科目（石川）,K471,日本語,1の1期,なし,なし
https://syllabus.jaist.ac.jp/public/web/Syllabus/WebSyllabusSansho/UI/WSL_SyllabusSansho.aspx?P1=K2444000&P2=2025&P3=20260401,K2444000,メディアデザイン実践,メディアデザイン実践,石川,佐藤　俊樹,知識科学系科目（石川）,K244,日本語,2の1期,K214　知識メディア方法論K243　メディアデザインワークショップK469　知識創造支援メディア論K470　知識創造論K471　メディア創造論,授業内においてプログラミング・電子工作等の実装技術が必要となる場合があるため、それらの入門を扱う1-2期のK214(知識メディア方法論)を通して受講した者、もしくはそれに相当する実装技術を有する者を対象とする。
https://syllabus.jaist.ac.jp/public/web/Syllabus/WebSyllabusSansho/UI/WSL_SyllabusSansho.aspx?P1=K2432000&P2=2025&P3=20260401,K2432000,メディアデザインワークショップ,メディアデザインワークショップ,石川,宮田　一乘,知識科学系科目（石川）,K243,日本語,1の2期,K244　メディアデザイン実践K469　知識創造支援メディア論K470　知識創造論K471　メディア創造論,なし
https://syllabus.jaist.ac.jp/public/web/Syllabus/WebSyllabusSansho/UI/WSL_SyllabusSansho.aspx?P1=K632E400&P2=2025&P3=20260401,K632E400,リスク管理論(E),リスク管理論(E),石川,"LAM, Chi Yung",知識科学系科目（石川）,K632E,英語,1の2期,None,None
https://syllabus.jaist.ac.jp/public/web/Syllabus/WebSyllabusSansho/UI/WSL_SyllabusSansho.aspx?P1=I615E400&P2=2025&P3=20260401,I615E400,ロボティクス(E),ロボティクス(E),石川,丁　洛榮,情報科学系科目（石川）,I615E,英語,2の1期,I427 System Control Theory,Knowledge of linear algebra is preferred. Experience wih Matlab is desirable.
https://syllabus.jaist.ac.jp/public/web/Syllabus/WebSyllabusSansho/UI/WSL_SyllabusSansho.aspx?P1=I4160000&P2=2025&P3=20260401,I4160000,並列処理,並列処理,石川,,情報科学系科目（石川）,I416,日本語,非開講,I115 デジタル論理と計算機構成I218 計算機アーキテクチャ特論,学部相当の計算機システムの基礎知識があり、I218（計算機アーキテクチャ特論）を履修済みか相当の知識を有している事が望ましい。実習を含むので、CまたはFortranなどで簡単なプログラムが作成できること。
https://syllabus.jaist.ac.jp/public/web/Syllabus/WebSyllabusSansho/UI/WSL_SyllabusSansho.aspx?P1=S1011000&P2=2025&P3=20260401,S1011000,人間力イノベーション論,人間力イノベーション論,石川,藤波　努,必修科目（石川）,S101,日本語/英語,1の1期,なし,なし
https://syllabus.jaist.ac.jp/public/web/Syllabus/WebSyllabusSansho/UI/WSL_SyllabusSansho.aspx?P1=S1014000&P2=2025&P3=20260401,S1014000,人間力イノベーション論,人間力イノベーション論,石川,藤波　努,必修科目（石川）,S101,日本語/英語,2の1期,なし,なし
https://syllabus.jaist.ac.jp/public/web/Syllabus/WebSyllabusSansho/UI/WSL_SyllabusSansho.aspx?P1=S5031000&P2=2025&P3=20260401,S5031000,人間力・創出力イノベーション論,人間力・創出力イノベーション論,石川,藤波　努,必修科目（石川）,S503,日本語/英語,1の1期,なし,なし
https://syllabus.jaist.ac.jp/public/web/Syllabus/WebSyllabusSansho/UI/WSL_SyllabusSansho.aspx?P1=S5034000&P2=2025&P3=20260401,S5034000,人間力・創出力イノベーション論,人間力・創出力イノベーション論,石川,藤波　努,必修科目（石川）,S503,日本語/英語,2の1期,なし,なし
https://syllabus.jaist.ac.jp/public/web/Syllabus/WebSyllabusSansho/UI/WSL_SyllabusSansho.aspx?P1=I649E000&P2=2025&P3=20260401,I649E000,先進無線ネットワーク(E),先進無線ネットワーク(E),石川,,情報科学系科目（石川）,I649E,英語,非開講,I226E Computer NetworksI232E Information TheoryI441 Advanced Computer Networks,Students who will attend this course need to have the knowledge of computer networks and wireless communication.
https://syllabus.jaist.ac.jp/public/web/Syllabus/WebSyllabusSansho/UI/WSL_SyllabusSansho.aspx?P1=M622E000&P2=2025&P3=20260401,M622E000,先端生体分子科学特論(E),先端生体分子科学特論(E),石川,,マテリアルサイエンス系科目,M622E,英語,非開講,"M225, M231, M232, M245, M261, M285E, M423","NMR：Basic knowledge of NMR such as rotating flame, 90 degree pulse, etc. is necessary.Biophysics and structural biology: Basic knowledge of biochemistry relevant to protein structures is necessary."
https://syllabus.jaist.ac.jp/public/web/Syllabus/WebSyllabusSansho/UI/WSL_SyllabusSansho.aspx?P1=M616E600&P2=2025&P3=20260401,M616E600,先端生体材料特論(E),先端生体材料特論(E),石川,平塚　祐一,マテリアルサイエンス系科目,M616E,英語,冬期集中,"M232 Biophysics and Biophysical Chemistry, M423 Functional Protein Device, M261 Functional Biomolecules",Basic knowledge in biochemistry
https://syllabus.jaist.ac.jp/public/web/Syllabus/WebSyllabusSansho/UI/WSL_SyllabusSansho.aspx?P1=M615E100&P2=2025&P3=20260401,M615E100,先端生体機能特論(E),先端生体機能特論(E),石川,高村　禅,マテリアルサイエンス系科目,M615E,英語,1の1期,M231  Bioorganic ChemistryM232  Biophysics and Biophysical ChemistryM261  Functional BiomoleculesM616E Advanced Biomaterials,None
https://syllabus.jaist.ac.jp/public/web/Syllabus/WebSyllabusSansho/UI/WSL_SyllabusSansho.aspx?P1=M614E200&P2=2025&P3=20260401,M614E200,先端デバイス特論(E),先端デバイス特論(E),石川,大平　圭介,マテリアルサイエンス系科目,M614E,英語,1の2期,"M213 Electromagnetic Theory, M211 Quantum Mechanics, M243 Solid State Physics I, M420 SolidState Physics II, M414 Device Physics.",You are required to have fundamental and basic semiconductor physics knowledge.
https://syllabus.jaist.ac.jp/public/web/Syllabus/WebSyllabusSansho/UI/WSL_SyllabusSansho.aspx?P1=S6010000&P2=2025&P3=20260401,S6010000,先端科学技術研究論文,先端科学技術研究論文,石川,,必修科目（石川）,S601,日本語／英語,通年,なし,なし
https://syllabus.jaist.ac.jp/public/web/Syllabus/WebSyllabusSansho/UI/WSL_SyllabusSansho.aspx?P1=S5010000&P2=2025&P3=20260401,S5010000,先端科学技術副テーマ研究,先端科学技術副テーマ研究,石川,,必修科目（石川）,S501,日本語／英語,通年,なし,なし
https://syllabus.jaist.ac.jp/public/web/Syllabus/WebSyllabusSansho/UI/WSL_SyllabusSansho.aspx?P1=S5020000&P2=2025&P3=20260401,S5020000,先端科学技術インターンシップ,先端科学技術インターンシップ,石川,,必修科目（石川）,S502,日本語／英語,通年,なし,なし
https://syllabus.jaist.ac.jp/public/web/Syllabus/WebSyllabusSansho/UI/WSL_SyllabusSansho.aspx?P1=M612E000&P2=2025&P3=20260401,M612E000,光物性特論(E),光物性特論(E),石川,,マテリアルサイエンス系科目,M612E,英語,非開講,None,Those taking this course must have a basic understanding of electromagnetic theory and solid state physics.
https://syllabus.jaist.ac.jp/public/web/Syllabus/WebSyllabusSansho/UI/WSL_SyllabusSansho.aspx?P1=I4894000&P2=2025&P3=20260401,I4894000,公開鍵暗号理論,公開鍵暗号理論,石川,藤﨑　英一郎,情報科学系科目（石川）,I489,日本語,2の1期,学部の数学の復習としてI114 基礎情報数学以下は関連はあるが、本講義を理解するのにそれほど必要はない。ただし公開鍵暗号、署名とは何か概念を理解しているとわかりやすい。また、有限体や剰余類環（群）Znの演算や性質、またベクトル空間の性質は簡単に講義で学ぶが予習してあると内容を理解しやすい。I240 暗号理論I465S 情報セキュリティ運用リテラシーI486S 秘密計算,論理的な考察力と理解力。大学の学部程度の数学の知識（特に線形代数）があれば望ましい。
https://syllabus.jaist.ac.jp/public/web/Syllabus/WebSyllabusSansho/UI/WSL_SyllabusSansho.aspx?P1=K619E000&P2=2025&P3=20260401,K619E000,共創AI特論(E),共創AI特論(E),石川,,知識科学系科目（石川）,K619E,英語,非開講,"I119 Statistics for Data Analytics, K236EJ Basis of Data-Driven AI (EJ), K417EJ Co-Creation with Data-Driven AI (EJ)","I119 Statistics for Data Analytics, K236EJ Basis of Data-Driven AI (EJ), K417EJ Co-Creation with Data-Driven AI (EJ)Student who has knowledge same level as mastering these courses can enroll."
https://syllabus.jaist.ac.jp/public/web/Syllabus/WebSyllabusSansho/UI/WSL_SyllabusSansho.aspx?P1=K417EJ40&P2=2025&P3=20260401,K417EJ40,共創データ駆動型AI(EJ),共創データ駆動型AI(E),石川,DAM Hieu Chi,知識科学系科目（石川）,K417EJ,日本語/英語,2の1期,I119　データ分析のための情報統計学、K236EJ データ駆動型AI基礎(EJ)、K619E 共創AI特論(E),I119　データ分析のための情報統計学（または基礎的な情報統計学の知識を持つこと）、K236EJ データ駆動型AI基礎 (EJ)（または機械学習とデータマイニングの基礎知識を持つこと）
https://syllabus.jaist.ac.jp/public/web/Syllabus/WebSyllabusSansho/UI/WSL_SyllabusSansho.aspx?P1=M617E000&P2=2025&P3=20260401,M617E000,分子設計特論(E),分子設計特論(E),石川,,マテリアルサイエンス系科目,M617E,英語,非開講,M221 Organic ChemistryM254 Polymer Chemistry IM424 Polymer Chemistry II,Preparation and review.
https://syllabus.jaist.ac.jp/public/web/Syllabus/WebSyllabusSansho/UI/WSL_SyllabusSansho.aspx?P1=S1021000&P2=2025&P3=20260401,S1021000,創出力イノベーション論,創出力イノベーション論,石川,藤波　努,必修科目（石川）,S102,日本語/英語,1の1期,S101 人間力イノベーション論,なし
https://syllabus.jaist.ac.jp/public/web/Syllabus/WebSyllabusSansho/UI/WSL_SyllabusSansho.aspx?P1=S1024000&P2=2025&P3=20260401,S1024000,創出力イノベーション論,創出力イノベーション論,石川,藤波　努,必修科目（石川）,S102,日本語/英語,2の1期,S101 人間力イノベーション論,なし
https://syllabus.jaist.ac.jp/public/web/Syllabus/WebSyllabusSansho/UI/WSL_SyllabusSansho.aspx?P1=M4154000&P2=2025&P3=20260401,M4154000,医用生体材料特論,医用生体材料特論,石川,栗澤　元一,マテリアルサイエンス系科目,M415,日本語,2の1期,生物機能概論（M113)、高分子化学特論Ⅰ（M254）、Biofunction and Organization(E) (M283E),なし
https://syllabus.jaist.ac.jp/public/web/Syllabus/WebSyllabusSansho/UI/WSL_SyllabusSansho.aspx?P1=M2432000&P2=2025&P3=20260401,M2432000,固体物理学特論Ⅰ,固体物理学特論Ⅰ,石川,上田　純平,マテリアルサイエンス系科目,M243,日本語,1の2期,本科目の受講は物理学の基礎、微分方程式、フーリエ級数、行列などの簡単な応用数学の知識（M245 応用物性数学特論）、量子力学の基礎（M211 量子力学特論）、電磁気学の基礎（M213 応用電磁気学特論）の基本的な理解を前提とする。本科目は、M420 固体物理学特論IIを履修するための基礎を提供する。,なし
https://syllabus.jaist.ac.jp/public/web/Syllabus/WebSyllabusSansho/UI/WSL_SyllabusSansho.aspx?P1=M4204000&P2=2025&P3=20260401,M4204000,固体物理学特論Ⅱ,固体物理学特論Ⅱ,石川,赤堀　誠志,マテリアルサイエンス系科目,M420,日本語,2の1期,M211 量子力学特論、M212 統計力学特論、M213 応用電磁気学特論、M243 固体物理学特論I,M243 固体物理学特論Iまでの内容の理解を前提とする。
https://syllabus.jaist.ac.jp/public/web/Syllabus/WebSyllabusSansho/UI/WSL_SyllabusSansho.aspx?P1=M281E400&P2=2025&P3=20260401,M281E400,固体電子物性・デバイス特論Ⅰ(E),固体電子物性・デバイス特論Ⅰ(E),石川,村田　英幸,マテリアルサイエンス系科目,M281E,英語,2の1期,None,Basic understandings of classical and quantum physics
https://syllabus.jaist.ac.jp/public/web/Syllabus/WebSyllabusSansho/UI/WSL_SyllabusSansho.aspx?P1=M284E500&P2=2025&P3=20260401,M284E500,固体電子物性・デバイス特論Ⅱ(E),固体電子物性・デバイス特論Ⅱ(E),石川,大島　義文,マテリアルサイエンス系科目,M284E,英語,2の2期,M281 (Solid State Physics and its Application to Electronics I),M281 (Solid State Physics and its Application to Electronics I) or equivalent.
https://syllabus.jaist.ac.jp/public/web/Syllabus/WebSyllabusSansho/UI/WSL_SyllabusSansho.aspx?P1=I4664000&P2=2025&P3=20260401,I4664000,国際標準化概論,国際標準化概論,石川,島田　淳一,情報科学系科目（石川）,I466,日本語,2の1期,なし,なし
https://syllabus.jaist.ac.jp/public/web/Syllabus/WebSyllabusSansho/UI/WSL_SyllabusSansho.aspx?P1=T0570000&P2=2025&P3=20260401,T0570000,国際インターンシップ（JAIST）,国際インターンシップ（JAIST）,石川,,必修科目（融合科学共同専攻）,T057,日本語／英語,通年,なし,なし
https://syllabus.jaist.ac.jp/public/web/Syllabus/WebSyllabusSansho/UI/WSL_SyllabusSansho.aspx?P1=K4823000&P2=2025&P3=20260401,K4823000,地域経営戦略論,地域経営戦略論,石川,非常勤講師（石川）,知識科学系科目（石川）,K482,日本語,夏期集中,なし,なし
https://syllabus.jaist.ac.jp/public/web/Syllabus/WebSyllabusSansho/UI/WSL_SyllabusSansho.aspx?P1=I1141000&P2=2025&P3=20260401,I1141000,基礎情報数学,基礎情報数学,石川,冨田　尭,情報科学系科目（石川）,I114,日本語,1の1期,I120 基礎論理数学,なし
https://syllabus.jaist.ac.jp/public/web/Syllabus/WebSyllabusSansho/UI/WSL_SyllabusSansho.aspx?P1=I1201000&P2=2025&P3=20260401,I1201000,基礎論理数学,基礎論理数学,石川,石井　大輔,情報科学系科目（石川）,I120,日本語,1の1期,なし,なし
https://syllabus.jaist.ac.jp/public/web/Syllabus/WebSyllabusSansho/UI/WSL_SyllabusSansho.aspx?P1=T0130000&P2=2025&P3=20260401,T0130000,学外研究実習a（JAIST）,学外研究実習a（JAIST）,石川,,必修科目（融合科学共同専攻）,T013,日本語／英語,通年,なし,なし
https://syllabus.jaist.ac.jp/public/web/Syllabus/WebSyllabusSansho/UI/WSL_SyllabusSansho.aspx?P1=T0140000&P2=2025&P3=20260401,T0140000,学外研究実習b（JAIST）,学外研究実習b（JAIST）,石川,,必修科目（融合科学共同専攻）,T014,日本語／英語,通年,なし,なし
https://syllabus.jaist.ac.jp/public/web/Syllabus/WebSyllabusSansho/UI/WSL_SyllabusSansho.aspx?P1=K2381000&P2=2025&P3=20260401,K2381000,実験哲学概論,実験哲学概論,石川,水本　正晴,知識科学系科目（石川）,K238,日本語,1の1期,他のすべての科目,なし
https://syllabus.jaist.ac.jp/public/web/Syllabus/WebSyllabusSansho/UI/WSL_SyllabusSansho.aspx?P1=K238E400&P2=2025&P3=20260401,K238E400,実験哲学概論(E),実験哲学概論(E),石川,水本　正晴,知識科学系科目（石川）,K238E,英語,2の1期,All other courses.,None
https://syllabus.jaist.ac.jp/public/web/Syllabus/WebSyllabusSansho/UI/WSL_SyllabusSansho.aspx?P1=K1141000&P2=2025&P3=20260401,K1141000,実践的社会調査法,実践的社会調査法,石川,中分　遥,知識科学系科目（石川）,K114,日本語,1の1期,I119 データ分析のための情報統計学、K211 社会科学方法論,調査票の質問項目を作る、グループ・ディスカッションに参加する、課題レポートをまとめることができる日本語能力があること。Excelを用いた基礎的な情報処理ができること。個人のコンピュータを持ち込むこと。
https://syllabus.jaist.ac.jp/public/web/Syllabus/WebSyllabusSansho/UI/WSL_SyllabusSansho.aspx?P1=K114E500&P2=2025&P3=20260401,K114E500,実践的社会調査法(E),実践的社会調査法(E),石川,"JAVED, Amna",知識科学系科目（石川）,K114E,英語,2の2期,None,None
https://syllabus.jaist.ac.jp/public/web/Syllabus/WebSyllabusSansho/UI/WSL_SyllabusSansho.aspx?P1=I4710000&P2=2025&P3=20260401,I4710000,実践的IoTシステムアーキテクチャ論,実践的IoTシステムアーキテクチャ論,石川,,情報科学系科目（石川）,I471,日本語,非開講,なし,「I219 ソフトウェア設計論」を履修しているか、同等の知識があること.
https://syllabus.jaist.ac.jp/public/web/Syllabus/WebSyllabusSansho/UI/WSL_SyllabusSansho.aspx?P1=I470E000&P2=2025&P3=20260401,I470E000,実践的アルゴリズム理論(E),実践的アルゴリズム理論(E),石川,,情報科学系科目（石川）,I470E,英語,非開講,None,Basic course in algorithms \ probability.
https://syllabus.jaist.ac.jp/public/web/Syllabus/WebSyllabusSansho/UI/WSL_SyllabusSansho.aspx?P1=E1143000&P2=2025&P3=20260401,E1143000,実践英語特別演習初級,実践英語特別演習初級,石川,▲元山　琴菜,その他科目,E114,英語,夏期集中,E115: 実践英語特別演習中級,１．TOEIC500点未満、TOEFL PBTの点数で469点未満、TOEFL iBTの点数で51点未満の者。ただしTOEICの点数が規定以上あっても、英語への苦手意識が強いと感じる方は初級から履修することが推奨される。２．３日間の演習にすべて参加できる学生３．正規の学生であること＊注＊本演習では、その効果を高めるため、英語能力に大幅なばらつきのないよう設定してあります。そのためTOEICを受けたことがない人は、履修登録する前に講師に相談すること。また、本演習では履修者が確定した後にTAを決定する。履修したら原則講義には参加してください。やむを得ず参加できないということであれば、事前に講師に連絡してその旨知らせること。
https://syllabus.jaist.ac.jp/public/web/Syllabus/WebSyllabusSansho/UI/WSL_SyllabusSansho.aspx?P1=E1153000&P2=2025&P3=20260401,E1153000,実践英語特別演習中級,実践英語特別演習中級,石川,▲元山　琴菜,その他科目,E115,英語,夏期集中,E114：実践英語特別演習初級,１．TOEICの得点で500点以上（TOEFL PBTの点数で470－473点以上、TOEFL iBTの点数で52点以上）を取得していること。ただしTOEICの点数が規定以上あっても、英語への苦手意識が強いと感じる方は初級（E114）から履修することが推奨される。２．３日間の演習にすべて参加すること３． 正規生であること＊注＊本演習では、その効果を高めるため、英語能力に大幅なばらつきのないよう設定してある。そのためTOEICを受けたことがない人は、履修登録する前に講師に相談すること。また、本演習では履修者が確定した後にTAを決定する。履修したら原則講義には参加すること。やむを得ず参加できないということであれば、事前に講師に連絡してその旨知らせること。
https://syllabus.jaist.ac.jp/public/web/Syllabus/WebSyllabusSansho/UI/WSL_SyllabusSansho.aspx?P1=I2371000&P2=2025&P3=20260401,I2371000,形式言語とオートマトン,形式言語とオートマトン,石川,髙木　翼,情報科学系科目（石川）,I237,日本語,1の1期,I211（数理論理学）、I443（ソフトウェア検証論）,初回の講義中に簡単に復習するが、基本的にはI120（基礎論理数学）相当の知識を前提とする（I120自体は未履修であってもよい）。
https://syllabus.jaist.ac.jp/public/web/Syllabus/WebSyllabusSansho/UI/WSL_SyllabusSansho.aspx?P1=I237E400&P2=2025&P3=20260401,I237E400,形式言語とオートマトン(E),形式言語とオートマトン(E),石川,冨田　尭,情報科学系科目（石川）,I237E,英語,2の1期,"Related to I214 (System Optimization).Theoretical basis for I223 (Natural Language Processing), I432 (Theory of Discrete-State Systems), and I443 (Foundation of Software Verification).",Basic mathematical knowledge and mathematical thinking ability.
https://syllabus.jaist.ac.jp/public/web/Syllabus/WebSyllabusSansho/UI/WSL_SyllabusSansho.aspx?P1=M2451000&P2=2025&P3=20260401,M2451000,応用物性数学特論,応用物性数学特論,石川,安　東秀,マテリアルサイエンス系科目,M245,日本語,1の1期,本科目は、M211 量子力学特論、 M212 統計力学特論、 M213 応用電磁気学特論、M243 固体物理学特論Ｉ、 M421 エレクトロニクス特論 などの数学的基礎につながる。本科目の受講者は、M111 材料物理概論 のレベルの数学基礎を理解している必要がある。,なし
https://syllabus.jaist.ac.jp/public/web/Syllabus/WebSyllabusSansho/UI/WSL_SyllabusSansho.aspx?P1=M2131000&P2=2025&P3=20260401,M2131000,応用電磁気学特論,応用電磁気学特論,石川,高村　由起子,マテリアルサイエンス系科目,M213,日本語,1の1期,M111 材料物理概論で習う粒子の運動、場のポテンシャル･エネルギーの概念は基礎となる。M211 量子力学特論、M243 固体物理学特論Ｉへと繋がる。,M111 材料物理概論のレベルを修得していること。
https://syllabus.jaist.ac.jp/public/web/Syllabus/WebSyllabusSansho/UI/WSL_SyllabusSansho.aspx?P1=I2324000&P2=2025&P3=20260401,I2324000,情報理論,情報理論,石川,非常勤講師（石川）,情報科学系科目（石川）,I232,日本語,2の1期,I437 符号理論,なし
https://syllabus.jaist.ac.jp/public/web/Syllabus/WebSyllabusSansho/UI/WSL_SyllabusSansho.aspx?P1=I232E100&P2=2025&P3=20260401,I232E100,情報理論(E),情報理論(E),石川,"KURKOSKI, Brian Michael",情報科学系科目（石川）,I232E,英語,1の1期,I437 Coding Theory,"Basic knowledge of probability theory, calculus and analysis is required."
https://syllabus.jaist.ac.jp/public/web/Syllabus/WebSyllabusSansho/UI/WSL_SyllabusSansho.aspx?P1=I465S200&P2=2025&P3=20260401,I465S200,情報セキュリティ運用リテラシー,情報セキュリティ運用リテラシー,石川,藤﨑　英一郎,情報科学系科目（石川）,I465S,日本語,1の2期,I240「暗号理論」I466S 「最新情報セキュリティ理論と応用」I486S 「秘密計算」I489「公開鍵暗号理論」関連するが本講義を理解するには特に必要ない。,特になし。情報セキュリティ学修プログラム履修者には必修科目。
https://syllabus.jaist.ac.jp/public/web/Syllabus/WebSyllabusSansho/UI/WSL_SyllabusSansho.aspx?P1=I2121000&P2=2025&P3=20260401,I2121000,情報解析学特論,情報解析学特論,石川,吉高　淳夫,情報科学系科目（石川）,I212,日本語,1の1期,I114（基礎情報数学）,I114（基礎情報数学）の知識を有していることが望ましい。
https://syllabus.jaist.ac.jp/public/web/Syllabus/WebSyllabusSansho/UI/WSL_SyllabusSansho.aspx?P1=I212E500&P2=2025&P3=20260401,I212E500,情報解析学特論(E),情報解析学特論(E),石川,岡田　将吾,情報科学系科目（石川）,I212E,英語,2の2期,I114 Fundamental Mathematics for Information Science,"No special. However, it is better for students to review the basic contents of mathematics such as Linear algebra, Trigonometric function, and Calculus."
https://syllabus.jaist.ac.jp/public/web/Syllabus/WebSyllabusSansho/UI/WSL_SyllabusSansho.aspx?P1=I628E000&P2=2025&P3=20260401,I628E000,情報処理論(E),情報処理論(E),石川,,情報科学系科目（石川）,I628E,英語,非開講,I211 数理論理、I237 形式言語とオートマトン,"基本的数学的知識（I211, I237の内容を前提知識とする）・思考能力、計算機のハードウェア・OS、機械学習に関する基本知識を仮定する。"
https://syllabus.jaist.ac.jp/public/web/Syllabus/WebSyllabusSansho/UI/WSL_SyllabusSansho.aspx?P1=K4333000&P2=2025&P3=20260401,K4333000,技術経営改革実践論,技術経営改革実践論,石川,非常勤講師（石川）,知識科学系科目（石川）,K433,日本語,夏期集中,なし,なし
https://syllabus.jaist.ac.jp/public/web/Syllabus/WebSyllabusSansho/UI/WSL_SyllabusSansho.aspx?P1=G2111000&P2=2025&P3=20260401,G2111000,持続可能な世界に向けた共感と協働,持続可能な世界に向けた共感と協働,石川,▲元山　琴菜,その他科目,G211,日本語,1の1期,G213E Social Problems in Contemporary Japan(E),本講義は、グループディスカッションやプレゼンを積極的に取り入れた講義であるため、発言への積極性が求められる。この講義を受講する学生は、日本語で議論やプレゼンに参加できるだけの十分な日本語能力を持っていることが求められる。
https://syllabus.jaist.ac.jp/public/web/Syllabus/WebSyllabusSansho/UI/WSL_SyllabusSansho.aspx?P1=I2114000&P2=2025&P3=20260401,I2114000,数理論理学,数理論理学,石川,髙木　翼,情報科学系科目（石川）,I211,日本語,2の1期,I217（関数プログラミング）、I237（形式言語とオートマトン）,初回の講義中に簡単に復習するが、基本的にはI120（基礎論理数学）相当の知識を前提とする（I120自体は未履修であってもよい）。
https://syllabus.jaist.ac.jp/public/web/Syllabus/WebSyllabusSansho/UI/WSL_SyllabusSansho.aspx?P1=I211E100&P2=2025&P3=20260401,I211E100,数理論理学(E),数理論理学(E),石川,廣川　直,情報科学系科目（石川）,I211E,英語,1の1期,I120 Fundamentals of Logic and Mathematics.,Students who will attend the course need to have the knowledge of I120 Fundamentals of Logic and Mathematics.
https://syllabus.jaist.ac.jp/public/web/Syllabus/WebSyllabusSansho/UI/WSL_SyllabusSansho.aspx?P1=I2400000&P2=2025&P3=20260401,I2400000,暗号理論,暗号理論,石川,,情報科学系科目（石川）,I240,日本語,非開講,I486S「秘密計算」I489「公開鍵暗号理論」I465S「情報セキュリティ運用リテラシー」I466S「最新情報セキュリティ理論と応用」,論理的な考察力と理解力。大学の学部程度の数学の知識があれば望ましい。
https://syllabus.jaist.ac.jp/public/web/Syllabus/WebSyllabusSansho/UI/WSL_SyllabusSansho.aspx?P1=I240E000&P2=2025&P3=20260401,I240E000,暗号理論(E),暗号理論(E),石川,,情報科学系科目（石川）,I240E,英語,非開講,I486S「秘密計算」I465S「情報セキュリティ運用リテラシー」I466S「最新情報セキュリティ理論と応用」,論理的な考察力と理解力。大学の学部程度の数学の知識があれば望ましい。
https://syllabus.jaist.ac.jp/public/web/Syllabus/WebSyllabusSansho/UI/WSL_SyllabusSansho.aspx?P1=I466S400&P2=2025&P3=20260401,I466S400,最新情報セキュリティ理論と応用,最新情報セキュリティ理論と応用,石川,非常勤講師（石川）,情報科学系科目（石川）,I466S,日本語,2の1期,なし,なし
https://syllabus.jaist.ac.jp/public/web/Syllabus/WebSyllabusSansho/UI/WSL_SyllabusSansho.aspx?P1=M2211000&P2=2025&P3=20260401,M2211000,有機分子化学特論,有機分子化学特論,石川,松見　紀佳,マテリアルサイエンス系科目,M221,日本語,1の1期,なし,なし
https://syllabus.jaist.ac.jp/public/web/Syllabus/WebSyllabusSansho/UI/WSL_SyllabusSansho.aspx?P1=M2234000&P2=2025&P3=20260401,M2234000,有機材料物性特論,有機材料物性特論,石川,長尾　祐樹,マテリアルサイエンス系科目,M223,日本語,2の1期,M112 材料化学概論 レベルを基礎とする。有機材料の合成に関しては、M254 高分子化学特論Ⅰが、構造解析に関しては、M225 機器分析化学特論がある。本科目の発展は、M617E 分子設計特論(E)で与えられる。,有機化学および物理化学について基礎知識が必要。
https://syllabus.jaist.ac.jp/public/web/Syllabus/WebSyllabusSansho/UI/WSL_SyllabusSansho.aspx?P1=M1121000&P2=2025&P3=20260401,M1121000,材料化学概論,材料化学概論,石川,谷池　俊明,マテリアルサイエンス系科目,M112,日本語,1の1期,M221 有機分子化学特論、M223 有機材料物性特論、M224 無機材料化学特論、M254 高分子化学特論Iの基礎となるものである。,なし
https://syllabus.jaist.ac.jp/public/web/Syllabus/WebSyllabusSansho/UI/WSL_SyllabusSansho.aspx?P1=M618E300&P2=2025&P3=20260401,M618E300,材料設計特論(E),材料設計特論(E),石川,松村　和明,マテリアルサイエンス系科目,M618E,英語,夏期集中,"M254 Polymer Chemistry I, M112 Introduction to Chemistry, M415 Medical Biomaterials",Preparation and review.
https://syllabus.jaist.ac.jp/public/web/Syllabus/WebSyllabusSansho/UI/WSL_SyllabusSansho.aspx?P1=M619E000&P2=2025&P3=20260401,M619E000,材料形態特論(E),材料形態特論(E),石川,,マテリアルサイエンス系科目,M619E,英語,非開講,"Polymer Chemistry I (M254), Inorganic Materials Chemistry (M224)",None
https://syllabus.jaist.ac.jp/public/web/Syllabus/WebSyllabusSansho/UI/WSL_SyllabusSansho.aspx?P1=M1111000&P2=2025&P3=20260401,M1111000,材料物理概論,材料物理概論,石川,大島　義文,マテリアルサイエンス系科目,M111,日本語,1の1期,この科目は物理系基幹科目（M211 量子力学特論、M212 統計力学特論、M213 応用電磁気学特論、M243 固体物理学特論Ｉ、M245 応用物性数学特論）の基礎となるものである。,履修には、高校レベルの数学の知識が必要であり、また高校物理も理解していることが望まれる。
https://syllabus.jaist.ac.jp/public/web/Syllabus/WebSyllabusSansho/UI/WSL_SyllabusSansho.aspx?P1=M111E400&P2=2025&P3=20260401,M111E400,材料物理概論(E),材料物理概論(E),石川,非常勤講師（石川）,マテリアルサイエンス系科目,M111E,英語,2の1期,None,None
https://syllabus.jaist.ac.jp/public/web/Syllabus/WebSyllabusSansho/UI/WSL_SyllabusSansho.aspx?P1=M2742000&P2=2025&P3=20260401,M2742000,材料力学特論,材料力学特論,石川,池　勇勳,マテリアルサイエンス系科目,M274,日本語,1の2期,なし,基礎的な物理学・代数学に関する知識が必要。
https://syllabus.jaist.ac.jp/public/web/Syllabus/WebSyllabusSansho/UI/WSL_SyllabusSansho.aspx?P1=M2252000&P2=2025&P3=20260401,M2252000,機器分析化学特論,機器分析化学特論,石川,篠原　健一,マテリアルサイエンス系科目,M225,日本語,1の2期,N003　ナノ分子解析論（実習付）N005　ナノ材料分析論（実習付）,なし
https://syllabus.jaist.ac.jp/public/web/Syllabus/WebSyllabusSansho/UI/WSL_SyllabusSansho.aspx?P1=I2392000&P2=2025&P3=20260401,I2392000,機械学習,機械学習,石川,岡田　将吾,情報科学系科目（石川）,I239,日本語,1の2期,I223 自然言語処理論I235 ゲーム情報学特論I658 Fundamentals of Sequence Modeling,I114 基礎情報数学、I119 データ分析のための情報統計学、I120 基礎論理数学に相当する知識
https://syllabus.jaist.ac.jp/public/web/Syllabus/WebSyllabusSansho/UI/WSL_SyllabusSansho.aspx?P1=I4955000&P2=2025&P3=20260401,I4955000,機械学習演習Ⅰ,機械学習演習Ⅰ,石川,白井　清昭,情報科学系科目（石川）,I495,日本語,2の2期,I239 機械学習I491 機械学習特論,JAIST×Humanコースの学生であること。Python でのプログラミング経験を有すること。
https://syllabus.jaist.ac.jp/public/web/Syllabus/WebSyllabusSansho/UI/WSL_SyllabusSansho.aspx?P1=I663E000&P2=2025&P3=20260401,I663E000,機械学習演習Ⅱ(E),機械学習演習Ⅱ(E),石川,,情報科学系科目（石川）,I663E,英語,非開講,令和8年度開講予定,令和8年度開講予定
https://syllabus.jaist.ac.jp/public/web/Syllabus/WebSyllabusSansho/UI/WSL_SyllabusSansho.aspx?P1=I239E500&P2=2025&P3=20260401,I239E500,機械学習(E),機械学習(E),石川,"TRAN, Vu Duc",情報科学系科目（石川）,I239E,英語,2の2期,I223 Natural Language ProcessingI235 Game Informatics,"Literacy tantamount to I114 (Fundamental Mathematics for Information Science),　I119 (Statistics for Data Analytics)  and I120 (Fundamentals of Logic and Mathematics)"
https://syllabus.jaist.ac.jp/public/web/Syllabus/WebSyllabusSansho/UI/WSL_SyllabusSansho.aspx?P1=I491E400&P2=2025&P3=20260401,I491E400,機械学習特論(E),機械学習特論(E),石川,"NGUYEN, Minh Le",情報科学系科目（石川）,I491E,英語,2の1期,I223 Natural Language ProcessingI239 Machine Learning,None
https://syllabus.jaist.ac.jp/public/web/Syllabus/WebSyllabusSansho/UI/WSL_SyllabusSansho.aspx?P1=M413E400&P2=2025&P3=20260401,M413E400,機能性ナノ材料特論(E),機能性ナノ材料特論(E),石川,前之園　信也,マテリアルサイエンス系科目,M413E,英語,2の1期,The course is advanced chemistry develops from M223 and M224.,"Basic knowledge is necessary for inorganic chemistry, physical chemistry and solid state physics."
https://syllabus.jaist.ac.jp/public/web/Syllabus/WebSyllabusSansho/UI/WSL_SyllabusSansho.aspx?P1=M4232000&P2=2025&P3=20260401,M4232000,機能性蛋白質特論,機能性蛋白質特論,石川,平塚　祐一,マテリアルサイエンス系科目,M423,日本語,1の2期,生物系以外の出身者には、M113 生物機能概論の履修が望ましい。,なし
https://syllabus.jaist.ac.jp/public/web/Syllabus/WebSyllabusSansho/UI/WSL_SyllabusSansho.aspx?P1=M432E300&P2=2025&P3=20260401,M432E300,機能評価特論(E),機能評価特論(E),石川,松村　和明,マテリアルサイエンス系科目,M432E,英語,夏期集中,None,None
https://syllabus.jaist.ac.jp/public/web/Syllabus/WebSyllabusSansho/UI/WSL_SyllabusSansho.aspx?P1=K611E400&P2=2025&P3=20260401,K611E400,次世代技術経営特論(E),次世代技術経営特論(E),石川,神田　陽治,知識科学系科目（石川）,K611E,英語,2の1期,None,None
https://syllabus.jaist.ac.jp/public/web/Syllabus/WebSyllabusSansho/UI/WSL_SyllabusSansho.aspx?P1=K4133000&P2=2025&P3=20260401,K4133000,比較知識制度論,比較知識制度論,石川,永田　晃也,知識科学系科目（石川）,K413,日本語,冬期集中,なし,なし
https://syllabus.jaist.ac.jp/public/web/Syllabus/WebSyllabusSansho/UI/WSL_SyllabusSansho.aspx?P1=I659E000&P2=2025&P3=20260401,I659E000,法令工学(E),法令工学(E),石川,,情報科学系科目（石川）,I659E,英語,非開講,I223 Natural Language ProcessingI239 Machine Learning,None
https://syllabus.jaist.ac.jp/public/web/Syllabus/WebSyllabusSansho/UI/WSL_SyllabusSansho.aspx?P1=T0540000&P2=2025&P3=20260401,T0540000,海外武者修行A（JAIST）,海外武者修行Ａ（JAIST）,石川,,必修科目（融合科学共同専攻）,T054,日本語／英語,通年,なし,なし
https://syllabus.jaist.ac.jp/public/web/Syllabus/WebSyllabusSansho/UI/WSL_SyllabusSansho.aspx?P1=T0550000&P2=2025&P3=20260401,T0550000,海外武者修行B（JAIST）,海外武者修行Ｂ（JAIST）,石川,,必修科目（融合科学共同専攻）,T055,日本語／英語,通年,なし,なし
https://syllabus.jaist.ac.jp/public/web/Syllabus/WebSyllabusSansho/UI/WSL_SyllabusSansho.aspx?P1=T0560000&P2=2025&P3=20260401,T0560000,海外武者修行C（JAIST）,海外武者修行Ｃ（JAIST）,石川,,必修科目（融合科学共同専攻）,T056,日本語／英語,通年,なし,なし
https://syllabus.jaist.ac.jp/public/web/Syllabus/WebSyllabusSansho/UI/WSL_SyllabusSansho.aspx?P1=I438EJ00&P2=2025&P3=20260401,I438EJ00,演習グラフ理論（EJ),演習グラフ理論(E),石川,,情報科学系科目（石川）,I438EJ,日本語/英語,非開講,なし,なし
https://syllabus.jaist.ac.jp/public/web/Syllabus/WebSyllabusSansho/UI/WSL_SyllabusSansho.aspx?P1=M2242000&P2=2025&P3=20260401,M2242000,無機材料化学特論,無機材料化学特論,石川,前之園　信也,マテリアルサイエンス系科目,M224,日本語,1の2期,M112 材料化学概論及びM211 量子力学特論を履修しておくことが望ましい。また、M243 固体物理学特論Ｉを履修することを勧める。,本講義は日本語で行なわれるので、日本語が堪能であること。
https://syllabus.jaist.ac.jp/public/web/Syllabus/WebSyllabusSansho/UI/WSL_SyllabusSansho.aspx?P1=M4313000&P2=2025&P3=20260401,M4313000,物性評価特論,物性評価特論,石川,大平　圭介,マテリアルサイエンス系科目,M431,日本語,夏期集中,M222物質計算科学特論、M614E先端デバイス特論(E),なし
https://syllabus.jaist.ac.jp/public/web/Syllabus/WebSyllabusSansho/UI/WSL_SyllabusSansho.aspx?P1=M2222000&P2=2025&P3=20260401,M2222000,物質計算科学特論,物質計算科学特論,石川,谷池　俊明,マテリアルサイエンス系科目,M222,日本語,1の2期,本科目の基礎学力を補充する科目として、M111材料物理概論、M112材料化学概論、M211量子力学特論がある。,内容・課題の修得に努力すること。
https://syllabus.jaist.ac.jp/public/web/Syllabus/WebSyllabusSansho/UI/WSL_SyllabusSansho.aspx?P1=M282E500&P2=2025&P3=20260401,M282E500,物質デザイン・創出特論(E),物質デザイン・創出特論(E),石川,桶葭　興資,マテリアルサイエンス系科目,M282E,英語,2の2期,None,None
https://syllabus.jaist.ac.jp/public/web/Syllabus/WebSyllabusSansho/UI/WSL_SyllabusSansho.aspx?P1=G213E400&P2=2025&P3=20260401,G213E400,現代日本における社会問題(E),現代日本における社会問題(E),石川,非常勤講師（石川）,その他科目,G213E,英語,2の1期,G211 (持続可能な世界に向けた共感と協働),"As this course is interactive and includes group discussions, active participation and the expression of opinions are mandatory. students attending the course must possess English ability equivalent to TOEIC score of 550 or above."
https://syllabus.jaist.ac.jp/public/web/Syllabus/WebSyllabusSansho/UI/WSL_SyllabusSansho.aspx?P1=I413E200&P2=2025&P3=20260401,I413E200,理論計算機科学(E),理論計算機科学(E),石川,廣川　直,情報科学系科目（石川）,I413E,英語,1の2期,I120 基礎論理数学および I211 数理論理学。基本的な集合の扱い・数学的帰納法の知識を前提とする。,なし
https://syllabus.jaist.ac.jp/public/web/Syllabus/WebSyllabusSansho/UI/WSL_SyllabusSansho.aspx?P1=M2614000&P2=2025&P3=20260401,M2614000,生体分子機能特論,生体分子機能特論,石川,筒井　秀和,マテリアルサイエンス系科目,M261,日本語,2の1期,関連科目としてM231生物有機化学特論、M232生物物理化学特論がある。,なし
https://syllabus.jaist.ac.jp/public/web/Syllabus/WebSyllabusSansho/UI/WSL_SyllabusSansho.aspx?P1=M2622000&P2=2025&P3=20260401,M2622000,生体材料分析特論,生体材料分析特論,石川,高村　禅,マテリアルサイエンス系科目,M262,日本語,1の2期,機器分析に関しては、M225 機器分析化学特論、有機分子の計測に関しては、M221 有機分子化学特論に関連項目がある。,講義はプリントを中心に行う。前回までに習ったことを良く復習し理解しておくこと。疑問点はチュートリアルアワーを含め随時ディスカッションに応じる。
https://syllabus.jaist.ac.jp/public/web/Syllabus/WebSyllabusSansho/UI/WSL_SyllabusSansho.aspx?P1=M2311000&P2=2025&P3=20260401,M2311000,生物有機化学特論,生物有機化学特論,石川,芳坂　貴弘,マテリアルサイエンス系科目,M231,日本語,1の1期,関連科目には、M232 生物物理化学特論、M261 生体分子機能特論がある。,化学・生物系以外の出身者は、M113 生物機能概論の履修が望ましい。非日本語話者は、M285E 生命機能工学特論の履修が望ましい。
https://syllabus.jaist.ac.jp/public/web/Syllabus/WebSyllabusSansho/UI/WSL_SyllabusSansho.aspx?P1=M2314000&P2=2025&P3=20260401,M2314000,生物有機化学特論,生物有機化学特論,石川,芳坂　貴弘,マテリアルサイエンス系科目,M231,日本語,2の1期,化学・生物系以外の出身者は、M113 生物機能概論の履修が望ましい。非日本語話者は、M285E 生命機能工学特論の履修が望ましい。関連科目には、M232 生物物理化学特論、M261 生体分子機能特論がある。,なし
https://syllabus.jaist.ac.jp/public/web/Syllabus/WebSyllabusSansho/UI/WSL_SyllabusSansho.aspx?P1=M1131000&P2=2025&P3=20260401,M1131000,生物機能概論,生物機能概論,石川,芳坂　貴弘,マテリアルサイエンス系科目,M113,日本語,1の1期,生物系科目の基礎であり、その内容は「M231 生物有機化学特論」、「M232 生物物理化学特論」、「M261 生体分子機能特論」、「M262 生体材料分析特論」、「M423 機能性蛋白質特論」へ繋がる内容を持つ。,生物学、分子生物学の初学者向けなので、特に条件はない。
https://syllabus.jaist.ac.jp/public/web/Syllabus/WebSyllabusSansho/UI/WSL_SyllabusSansho.aspx?P1=M2322000&P2=2025&P3=20260401,M2322000,生物物理化学特論,生物物理化学特論,石川,濵田　勉,マテリアルサイエンス系科目,M232,日本語,1の2期,M113 生物機能概論,物理学及び化学の基本的知識
https://syllabus.jaist.ac.jp/public/web/Syllabus/WebSyllabusSansho/UI/WSL_SyllabusSansho.aspx?P1=K5024000&P2=2025&P3=20260401,K5024000,生物・資源マネジメント論,生物・資源マネジメント論,石川,吉岡　秀和,知識科学系科目（石川）,K502,日本語,2の1期,・K213　システム科学方法論・K414　複雑系解析論・I214　システム最適化,なし
https://syllabus.jaist.ac.jp/public/web/Syllabus/WebSyllabusSansho/UI/WSL_SyllabusSansho.aspx?P1=M285E100&P2=2025&P3=20260401,M285E100,生命機能工学特論(E),生命機能工学特論(E),石川,山口　拓実,マテリアルサイエンス系科目,M285E,英語,1の1期,M283E Biofunction and Organization(E),None
https://syllabus.jaist.ac.jp/public/web/Syllabus/WebSyllabusSansho/UI/WSL_SyllabusSansho.aspx?P1=I4192000&P2=2025&P3=20260401,I4192000,画像情報処理特論,画像情報処理特論,石川,吉高　淳夫,情報科学系科目（石川）,I419,日本語,1の2期,I212（情報解析学特論）およびI213（離散信号処理特論）,I212（情報解析学特論）、I213（離散信号処理特論）の知識を前提とする。ただし、これらを受講していることは必須ではない。
https://syllabus.jaist.ac.jp/public/web/Syllabus/WebSyllabusSansho/UI/WSL_SyllabusSansho.aspx?P1=T0040000&P2=2025&P3=20260401,T0040000,異分野「超」体験実践Ⅰa（JAIST）,異分野「超」体験実践Ⅰa（JAIST）,石川,,必修科目（融合科学共同専攻）,T004,日本語／英語,通年,異分野「超」体験セッションⅠ,なし
https://syllabus.jaist.ac.jp/public/web/Syllabus/WebSyllabusSansho/UI/WSL_SyllabusSansho.aspx?P1=T0050000&P2=2025&P3=20260401,T0050000,異分野「超」体験実践Ⅰb（JAIST）,異分野「超」体験実践Ⅰb（JAIST）,石川,,必修科目（融合科学共同専攻）,T005,日本語／英語,通年,異分野「超」体験セッションⅠ,なし
https://syllabus.jaist.ac.jp/public/web/Syllabus/WebSyllabusSansho/UI/WSL_SyllabusSansho.aspx?P1=T0530000&P2=2025&P3=20260401,T0530000,異分野「超」体験実践Ⅱ（JAIST）,異分野「超」体験実践Ⅱ（JAIST）,石川,,必修科目（融合科学共同専攻）,T053,日本語／英語,通年,異分野「超」体験セッションⅡ,なし
https://syllabus.jaist.ac.jp/public/web/Syllabus/WebSyllabusSansho/UI/WSL_SyllabusSansho.aspx?P1=T0013000&P2=2025&P3=20260401,T0013000,異分野「超」体験セッションⅠ,異分野「超」体験セッションⅠ,石川,,必修科目（融合科学共同専攻）,T001,日本語／英語,夏期集中,異分野「超」体験実践Ⅰ,なし
https://syllabus.jaist.ac.jp/public/web/Syllabus/WebSyllabusSansho/UI/WSL_SyllabusSansho.aspx?P1=T0510000&P2=2025&P3=20260401,T0510000,異分野「超」体験セッションⅡ,異分野「超」体験セッションⅡ,石川,,必修科目（融合科学共同専攻）,T051,日本語／英語,2の1期,異分野「超」体験実践Ⅱ,なし
https://syllabus.jaist.ac.jp/public/web/Syllabus/WebSyllabusSansho/UI/WSL_SyllabusSansho.aspx?P1=K4692000&P2=2025&P3=20260401,K4692000,知識創造支援メディア論,知識創造支援メディア論,石川,西本　一志,知識科学系科目（石川）,K469,日本語,1の2期,K470 知識創造論、K471 メディア創造論,なし
https://syllabus.jaist.ac.jp/public/web/Syllabus/WebSyllabusSansho/UI/WSL_SyllabusSansho.aspx?P1=K4701000&P2=2025&P3=20260401,K4701000,知識創造論,知識創造論,石川,由井薗　隆也,知識科学系科目（石川）,K470,日本語,1の1期,K214　知識メディア方法論、K243　メディアデザインワークショップ、K244　メディアデザイン実践、K469　知識創造支援メディア論、K471　メディア創造論,なし
https://syllabus.jaist.ac.jp/public/web/Syllabus/WebSyllabusSansho/UI/WSL_SyllabusSansho.aspx?P1=K4121000&P2=2025&P3=20260401,K4121000,知識人類学,知識人類学,石川,伊藤　泰信,知識科学系科目（石川）,K412,日本語,1の1期,K211 社会科学方法論文化人類学・社会学関連の授業を学部で履修したことがあることが望ましいが、履修条件ではない。,なし
https://syllabus.jaist.ac.jp/public/web/Syllabus/WebSyllabusSansho/UI/WSL_SyllabusSansho.aspx?P1=K495E000&P2=2025&P3=20260401,K495E000,知識科学の発展(E),知識科学の発展(E),石川,,知識科学系科目（石川）,K495E,英語,非開講,K228 知識科学概論、K229イノベーションデザイン論,「K228 知識科学概論」を履修し、単位修得済みであることを条件とする。K228の単位を修得していない場合は、次の方法で履修を認める。1. 講義初日までに本講義を履修したいことを申し込みサイトを通じて講師（藤波）に伝える2. 申込者がJAIST LMS上でK228の講義資料を閲覧できるよう講師が手配する3. 申込者は第1週に上記資料を閲覧し、K228の内容を理解する4. 第2週にK228の内容が理解出来ているかをテストする5. K228の内容を理解していると判断できたら履修を認める
https://syllabus.jaist.ac.jp/public/web/Syllabus/WebSyllabusSansho/UI/WSL_SyllabusSansho.aspx?P1=K2281000&P2=2025&P3=20260401,K2281000,知識科学概論,知識科学概論,石川,橋本　敬,知識科学系科目（石川）,K228,日本語,1の1期,知識科学分野の全講義、特に、K229 イノベーションデザイン論、K495 知識科学の発展,予備知識は必要としない。チュートリアルアワーにグループディスカッション（「知識共創セッション」）を実施するので、午前中の講義だけではなくこのディスカッションにも毎回参加することが履修の条件である。
https://syllabus.jaist.ac.jp/public/web/Syllabus/WebSyllabusSansho/UI/WSL_SyllabusSansho.aspx?P1=K228E400&P2=2025&P3=20260401,K228E400,知識科学概論(E),知識科学概論(E),石川,橋本　敬,知識科学系科目（石川）,K228E,英語,2の1期,"All the other Knowledge Science courses, especially K229 Innovation Design and K495 Development of Knowledge Science",No prior knowledge is required. Students are required to participate in group discussions (“the Knowledge Co-creation Sessions”) held in the Tutorial Hours.
https://syllabus.jaist.ac.jp/public/web/Syllabus/WebSyllabusSansho/UI/WSL_SyllabusSansho.aspx?P1=K1251000&P2=2025&P3=20260401,K1251000,知識科学実験／調査のためのシステム開発入門,知識科学実験／調査のためのシステム開発入門,石川,伊集院　幸輝,知識科学系科目（石川）,K125,日本語,1の1期,K214 知識メディア方法論　Methodology for Knowledge MediaK469 知識創造支援メディア論　Knowledge Creation Support MediaK471 メディア創造論　Media Creation,メディア情報学、認知科学、その他社会科学等の人間を対象とした研究に従事し、システムを用いたユーザースタディを行う必要があること。実習は受講者が希望する修士研究のテーマを題材として行うため、修士研究でユーザースタディを行う予定でない者は受講が難しい。また本講義は非常に基礎的な内容であるため、プログラミングの講義・実習を過去に受けた経験がある者は対象ではない。
https://syllabus.jaist.ac.jp/public/web/Syllabus/WebSyllabusSansho/UI/WSL_SyllabusSansho.aspx?P1=K2142000&P2=2025&P3=20260401,K2142000,知識メディア方法論,知識メディア方法論,石川,佐藤　俊樹,知識科学系科目（石川）,K214,日本語,1の2期,なし,- 日本語での基本的なコミュニケーション能力、日本語でのプレゼンテーション能力、および基本的な計算機(PC)の使い方をある程度理解・習得していること(タイピングも含む)。
https://syllabus.jaist.ac.jp/public/web/Syllabus/WebSyllabusSansho/UI/WSL_SyllabusSansho.aspx?P1=K214E500&P2=2025&P3=20260401,K214E500,知識メディア方法論(E),知識メディア方法論(E),石川,金井　秀明,知識科学系科目（石川）,K214E,英語,2の2期,None,None
https://syllabus.jaist.ac.jp/public/web/Syllabus/WebSyllabusSansho/UI/WSL_SyllabusSansho.aspx?P1=K4226000&P2=2025&P3=20260401,K4226000,知的財産マネジメント論,知的財産マネジメント論,石川,非常勤講師（石川）,知識科学系科目（石川）,K422,日本語,冬期集中,なし,技術等の戦略的活用に興味がある学生であれば履修可能。
https://syllabus.jaist.ac.jp/public/web/Syllabus/WebSyllabusSansho/UI/WSL_SyllabusSansho.aspx?P1=I4990000&P2=2025&P3=20260401,I4990000,知覚実験演習Ⅰ,知覚実験演習Ⅰ,石川,,情報科学系科目（石川）,I499,日本語,非開講,令和8年度開講予定,令和8年度開講予定
https://syllabus.jaist.ac.jp/public/web/Syllabus/WebSyllabusSansho/UI/WSL_SyllabusSansho.aspx?P1=I666E000&P2=2025&P3=20260401,I666E000,知覚実験演習Ⅱ(E),知覚実験演習Ⅱ(E),石川,,情報科学系科目（石川）,I666E,英語,非開講,令和8年度開講予定,令和8年度開講予定
https://syllabus.jaist.ac.jp/public/web/Syllabus/WebSyllabusSansho/UI/WSL_SyllabusSansho.aspx?P1=I4980000&P2=2025&P3=20260401,I4980000,知覚情報処理Ⅰ,知覚情報処理Ⅰ,石川,,情報科学系科目（石川）,I498,日本語,非開講,令和8年度開講予定,令和8年度開講予定
https://syllabus.jaist.ac.jp/public/web/Syllabus/WebSyllabusSansho/UI/WSL_SyllabusSansho.aspx?P1=I645E000&P2=2025&P3=20260401,I645E000,知覚情報処理特論(E),知覚情報処理特論(E),石川,,情報科学系科目（石川）,I645E,英語,非開講,"I212 Analysis for Information Science, I213 Discrete Signal Processing, I225 Statistical Signal Processing, I439 Speech Information Processing",None
https://syllabus.jaist.ac.jp/public/web/Syllabus/WebSyllabusSansho/UI/WSL_SyllabusSansho.aspx?P1=M623E400&P2=2025&P3=20260401,M623E400,知能ロボットシステム(E),知能ロボットシステム(E),石川,池　勇勳,マテリアルサイエンス系科目,M623E,英語,2の1期,M273EJ メカトロニクス(EJ)M274 材料力学特論M425E 解析力学特論(E)M618E 材料設計特論(E)I615 ロボティクスI427 システム制御理論,機械・材料・情報についての基礎知識があること。
https://syllabus.jaist.ac.jp/public/web/Syllabus/WebSyllabusSansho/UI/WSL_SyllabusSansho.aspx?P1=K2111000&P2=2025&P3=20260401,K2111000,社会科学方法論,社会科学方法論,石川,西村　拓一,知識科学系科目（石川）,K211,日本語,1の1期,なし,なし
https://syllabus.jaist.ac.jp/public/web/Syllabus/WebSyllabusSansho/UI/WSL_SyllabusSansho.aspx?P1=K211E100&P2=2025&P3=20260401,K211E100,社会科学方法論(E),社会科学方法論(E),石川,"KIM, Eunyoung",知識科学系科目（石川）,K211E,英語,1の1期,None,None
https://syllabus.jaist.ac.jp/public/web/Syllabus/WebSyllabusSansho/UI/WSL_SyllabusSansho.aspx?P1=L2213000&P2=2025&P3=20260401,L2213000,科学者の倫理,科学者の倫理,石川,非常勤講師（石川）,その他科目,L221,日本語,夏期集中,なし,"１）講義内容を理解し、グループディスカッションに積極的に貢献し、レポートや作品をまとめられる十分な日本語能力があること。２）講義時、指示に応じてオンラインの講義資料にアクセスしたり、ディスカッションやグループ作業にWord, PPT等（Mac可）を用いて参加できること。"
https://syllabus.jaist.ac.jp/public/web/Syllabus/WebSyllabusSansho/UI/WSL_SyllabusSansho.aspx?P1=L221E600&P2=2025&P3=20260401,L221E600,科学者の倫理(E),科学者の倫理(E),石川,非常勤講師（石川）,その他科目,L221E,英語,冬期集中,None,None
https://syllabus.jaist.ac.jp/public/web/Syllabus/WebSyllabusSansho/UI/WSL_SyllabusSansho.aspx?P1=S2010000&P2=2025&P3=20260401,S2010000,科学技術研究論文,科学技術研究論文,石川,,必修科目（石川）,S201,日本語／英語,通年,なし,なし
https://syllabus.jaist.ac.jp/public/web/Syllabus/WebSyllabusSansho/UI/WSL_SyllabusSansho.aspx?P1=S2030000&P2=2025&P3=20260401,S2030000,科学技術博士研究計画調査,科学技術博士研究計画調査,石川,,必修科目（石川）,S203,日本語／英語,通年,なし,なし
https://syllabus.jaist.ac.jp/public/web/Syllabus/WebSyllabusSansho/UI/WSL_SyllabusSansho.aspx?P1=S4010000&P2=2025&P3=20260401,S4010000,科学技術副テーマ研究,科学技術副テーマ研究,石川,,必修科目（石川）,S401,日本語／英語,通年,なし,なし
https://syllabus.jaist.ac.jp/public/web/Syllabus/WebSyllabusSansho/UI/WSL_SyllabusSansho.aspx?P1=S4020000&P2=2025&P3=20260401,S4020000,科学技術インターンシップ,科学技術インターンシップ,石川,,必修科目（石川）,S402,日本語／英語,通年,なし,なし
https://syllabus.jaist.ac.jp/public/web/Syllabus/WebSyllabusSansho/UI/WSL_SyllabusSansho.aspx?P1=S2020000&P2=2025&P3=20260401,S2020000,科学技術課題研究,科学技術課題研究,石川,,必修科目（石川）,S202,日本語／英語,通年,なし,なし
https://syllabus.jaist.ac.jp/public/web/Syllabus/WebSyllabusSansho/UI/WSL_SyllabusSansho.aspx?P1=K5043000&P2=2025&P3=20260401,K5043000,科学・技術と社会、科学コミュニケーション,科学・技術と社会、科学コミュニケーション,石川,小泉　周,知識科学系科目（石川）,K504,日本語,夏期集中,なし,なし
https://syllabus.jaist.ac.jp/public/web/Syllabus/WebSyllabusSansho/UI/WSL_SyllabusSansho.aspx?P1=I486S000&P2=2025&P3=20260401,I486S000,秘密計算,秘密計算,石川,,情報科学系科目（石川）,I486S,日本語,非開講,I240「暗号理論」I465S「情報セキュリティ運用リテラシー」I466S「最新情報セキュリティ理論と応用」I489「公開鍵暗号理論」関連はあるが、本講義を理解するには特に必要ない。,"論理的な考察力と理解力。学部程度の数学の知識があれば望ましいが、本講義では有限体の四則演算とビットごとのand, or, xor程度のものしか使わない。ただ背景をより理解するためには、代数学の基本定理、Shamirの秘密分散、Lagrangeの多項式補間、Reed-Solomon符号や、ビザンチン合意問題などを予め調べておくと面白さが増す。情報セキュリティ学修プログラム履修者には必修科目。"
https://syllabus.jaist.ac.jp/public/web/Syllabus/WebSyllabusSansho/UI/WSL_SyllabusSansho.aspx?P1=I437E400&P2=2025&P3=20260401,I437E400,符号理論(E),符号理論(E),石川,"KURKOSKI, Brian Michael",情報科学系科目（石川）,I437E,英語,2の1期,I232 Information Theory,"Knowledge of basic linear algebra is required.  Knowledge of information theory helpful, but not required."
https://syllabus.jaist.ac.jp/public/web/Syllabus/WebSyllabusSansho/UI/WSL_SyllabusSansho.aspx?P1=I2254000&P2=2025&P3=20260401,I2254000,統計的信号処理特論,統計的信号処理特論,石川,本郷　研太,情報科学系科目（石川）,I225,日本語,2の1期,I114（基礎情報数学）、I119（データ分析のための情報統計学）、I212（情報解析学特論）、I213（離散信号処理特論）,I114（基礎情報数学）、I119（データ分析のための情報統計学）の知識を前提とする。
https://syllabus.jaist.ac.jp/public/web/Syllabus/WebSyllabusSansho/UI/WSL_SyllabusSansho.aspx?P1=I225E100&P2=2025&P3=20260401,I225E100,統計的信号処理特論(E),統計的信号処理特論(E),石川,鵜木　祐史,情報科学系科目（石川）,I225E,英語,1の1期,"I114 “Fundamental Mathematics for Information Science”, I119 “Statistics for Data Analytics”, I212 “Analysis for Information Science”, I213 “Discrete Signal Processing”",Ability to understand the following courses are expected for the students: I114 ”Fundamental Mathematics for Information Science” and I119 ”Statistics for Data Analytics”.
https://syllabus.jaist.ac.jp/public/web/Syllabus/WebSyllabusSansho/UI/WSL_SyllabusSansho.aspx?P1=M2121000&P2=2025&P3=20260401,M2121000,統計力学特論,統計力学特論,石川,小矢野　幹夫,マテリアルサイエンス系科目,M212,日本語,1の1期,初歩的な量子力学および数学の知識を前提とする。,大学初等程度の数学（微分・積分）を理解していること。量子力学に不慣れな者は”M211 量子力学特論”を、数学に不慣れな者は”M245 応用物性数学持論”を受講することが望ましい。対面授業で実施するので、原則として授業に出席すること。
https://syllabus.jaist.ac.jp/public/web/Syllabus/WebSyllabusSansho/UI/WSL_SyllabusSansho.aspx?P1=I660E000&P2=2025&P3=20260401,I660E000,自然言語処理特論(E),自然言語処理特論(E),石川,,情報科学系科目（石川）,I660E,英語,非開講,I223 Natural Language Processing,None
https://syllabus.jaist.ac.jp/public/web/Syllabus/WebSyllabusSansho/UI/WSL_SyllabusSansho.aspx?P1=I2234000&P2=2025&P3=20260401,I2234000,自然言語処理論,自然言語処理論,石川,井之上　直也,情報科学系科目（石川）,I223,日本語,2の1期,I239 機械学習I660 自然言語処理特論,なし
https://syllabus.jaist.ac.jp/public/web/Syllabus/WebSyllabusSansho/UI/WSL_SyllabusSansho.aspx?P1=I223E200&P2=2025&P3=20260401,I223E200,自然言語処理論(E),自然言語処理論(E),石川,白井　清昭,情報科学系科目（石川）,I223E,英語,1の2期,I239 Machine LearningI660 Advanced Natural Language Processing,None
https://syllabus.jaist.ac.jp/public/web/Syllabus/WebSyllabusSansho/UI/WSL_SyllabusSansho.aspx?P1=T0080000&P2=2025&P3=20260401,T0080000,融合科学研究論文Ⅰ（JAIST）,融合科学研究論文Ⅰ（JAIST）,石川,,研究支援科目,T008,日本語／英語,通年,なし,なし
https://syllabus.jaist.ac.jp/public/web/Syllabus/WebSyllabusSansho/UI/WSL_SyllabusSansho.aspx?P1=T0590000&P2=2025&P3=20260401,T0590000,融合科学研究論文Ⅱ（JAIST）,融合科学研究論文Ⅱ（JAIST）,石川,,研究支援科目,T059,日本語／英語,通年,なし,なし
https://syllabus.jaist.ac.jp/public/web/Syllabus/WebSyllabusSansho/UI/WSL_SyllabusSansho.aspx?P1=T0100000&P2=2025&P3=20260401,T0100000,融合科学博士研究計画調査（JAIST）,融合科学博士研究計画調査（JAIST）,石川,,研究支援科目,T010,日本語／英語,通年,なし,なし
https://syllabus.jaist.ac.jp/public/web/Syllabus/WebSyllabusSansho/UI/WSL_SyllabusSansho.aspx?P1=T0090000&P2=2025&P3=20260401,T0090000,融合科学課題研究（JAIST）,融合科学課題研究（JAIST）,石川,,研究支援科目,T009,日本語／英語,通年,なし,なし
https://syllabus.jaist.ac.jp/public/web/Syllabus/WebSyllabusSansho/UI/WSL_SyllabusSansho.aspx?P1=K613E200&P2=2025&P3=20260401,K613E200,複合システム特論(E),複合システム特論(E),石川,"HUYNH, Nam Van",知識科学系科目（石川）,K613E,英語,1の2期,"K213 (Methodology for Systems Science), K414 (Complex Systems Analysis)",None
https://syllabus.jaist.ac.jp/public/web/Syllabus/WebSyllabusSansho/UI/WSL_SyllabusSansho.aspx?P1=K4145000&P2=2025&P3=20260401,K4145000,複雑系解析論,複雑系解析論,石川,橋本　敬,知識科学系科目（石川）,K414,日本語,2の2期,K228 知識科学概論、 K213システム科学方法論、K613E 複合システム特論,なし
https://syllabus.jaist.ac.jp/public/web/Syllabus/WebSyllabusSansho/UI/WSL_SyllabusSansho.aspx?P1=M425E000&P2=2025&P3=20260401,M425E000,解析力学特論(E),解析力学特論(E),石川,,マテリアルサイエンス系科目,M425E,英語,非開講,M273EJ メカトロニクス(EJ),基礎的な物理学と代数学に関する知識が必要・ MATLAB/Pythonのプログラミング能力
https://syllabus.jaist.ac.jp/public/web/Syllabus/WebSyllabusSansho/UI/WSL_SyllabusSansho.aspx?P1=M2511000&P2=2025&P3=20260401,M2511000,触媒化学特論,触媒化学特論,石川,西村　俊,マテリアルサイエンス系科目,M251,日本語,1の1期,機能性材料の合成に関してはM224 無機材料化学特論およびM254 高分子化学特論Ｉが、機器分析についてはM225 機器分析化学特論がある。本科目の発展はM413E 機能性ナノ材料特論(E)とM618E 材料設計特論(E)で与えられる。,本科目受講者は、M112 材料化学概論 レベルの内容を修得していることが望ましい。
https://syllabus.jaist.ac.jp/public/web/Syllabus/WebSyllabusSansho/UI/WSL_SyllabusSansho.aspx?P1=I2182000&P2=2025&P3=20260401,I2182000,計算機アーキテクチャ特論,計算機アーキテクチャ特論,石川,田中　清史,情報科学系科目（石川）,I218,日本語,1の2期,I115　デジタル論理と計算機構成,計算機の構成に関する基礎知識を有するか、I115（デジタル論理と計算機構成）相当の知識を持っていることが望ましい。
https://syllabus.jaist.ac.jp/public/web/Syllabus/WebSyllabusSansho/UI/WSL_SyllabusSansho.aspx?P1=I218E500&P2=2025&P3=20260401,I218E500,計算機アーキテクチャ特論(E),計算機アーキテクチャ特論(E),石川,井口　寧,情報科学系科目（石川）,I218E,英語,2の2期,I115　デジタル論理と計算機構成,計算機の構成に関する基礎知識を有するか、I115（デジタル論理と計算機構成）相当の知識を持っていることが望ましい。
https://syllabus.jaist.ac.jp/public/web/Syllabus/WebSyllabusSansho/UI/WSL_SyllabusSansho.aspx?P1=I1121000&P2=2025&P3=20260401,I1121000,計算機システムとAI基礎,計算機システムとAI基礎,石川,本郷　研太,情報科学系科目（石川）,I112,日本語,1の1期,I226 コンピュータネットワーク特論I239 機械学習M222 物質計算科学特論,なし
https://syllabus.jaist.ac.jp/public/web/Syllabus/WebSyllabusSansho/UI/WSL_SyllabusSansho.aspx?P1=I2384000&P2=2025&P3=20260401,I2384000,計算論,計算論,石川,上原　隆平,情報科学系科目（石川）,I238,日本語,2の1期,なし,なし
https://syllabus.jaist.ac.jp/public/web/Syllabus/WebSyllabusSansho/UI/WSL_SyllabusSansho.aspx?P1=I238E200&P2=2025&P3=20260401,I238E200,計算論(E),計算論(E),石川,"SCHWARTZMAN, Gregory",情報科学系科目（石川）,I238E,英語,1の2期,"I120 Fundamentals of Logic and Mathematics, I211 Mathematical Logic, I413E Theoretical Computer Science(E)",Students who will attend the lecture need to have the knowledge of I120 Fundamentals of Logic and Mathematics.
https://syllabus.jaist.ac.jp/public/web/Syllabus/WebSyllabusSansho/UI/WSL_SyllabusSansho.aspx?P1=I4110000&P2=2025&P3=20260401,I4110000,認識処理工学特論,認識処理工学特論,石川,,情報科学系科目（石川）,I411,日本語,非開講,I212 情報解析学特論、I213 離散信号処理特論、I225 統計的信号処理特論,一部を除いて日本語により講義を行う。
https://syllabus.jaist.ac.jp/public/web/Syllabus/WebSyllabusSansho/UI/WSL_SyllabusSansho.aspx?P1=K1212000&P2=2025&P3=20260401,K1212000,認知科学概論,認知科学概論,石川,日髙　昇平,知識科学系科目（石川）,K121,日本語,1の2期,実践的社会調査法（K114）、複雑系解析論（K414）,グループワークに積極的に参加すること。担当講師とグループメンバーに無断で欠席しないこと。
https://syllabus.jaist.ac.jp/public/web/Syllabus/WebSyllabusSansho/UI/WSL_SyllabusSansho.aspx?P1=I4484000&P2=2025&P3=20260401,I4484000,遠隔教育システム工学,遠隔教育システム工学,石川,長谷川　忍,情報科学系科目（石川）,I448,日本語,2の1期,なし,なし
https://syllabus.jaist.ac.jp/public/web/Syllabus/WebSyllabusSansho/UI/WSL_SyllabusSansho.aspx?P1=I657E200&P2=2025&P3=20260401,I657E200,量子材料情報学(E),量子材料情報学(E),石川,本郷　研太,情報科学系科目（石川）,I657E,英語,1の2期,なし,学部程度の応用数学の知識(微分積分や線形代数のオペレーション)。
https://syllabus.jaist.ac.jp/public/web/Syllabus/WebSyllabusSansho/UI/WSL_SyllabusSansho.aspx?P1=M2111000&P2=2025&P3=20260401,M2111000,量子力学特論,量子力学特論,石川,村田　英幸,マテリアルサイエンス系科目,M211,日本語,1の1期,基本的な数学的扱い、物理学の基礎学力は本科目修得のための必須条件である。これらの修得のためには、M245 応用物性数学特論、M111 材料物理概論の履修を薦める。また、本科目修得の後は、M222 物質計算科学特論、M243 固体物理学特論Ｉの履修を薦める。,なし
https://syllabus.jaist.ac.jp/public/web/Syllabus/WebSyllabusSansho/UI/WSL_SyllabusSansho.aspx?P1=M613E000&P2=2025&P3=20260401,M613E000,量子現象特論(E),量子現象特論(E),石川,,マテリアルサイエンス系科目,M613E,英語,非開講,"Quantum Mechanics(M211), Statistical Mechanics(M212), Solid State Physics I(M243) and Solid State Physics II (M420)",None
https://syllabus.jaist.ac.jp/public/web/Syllabus/WebSyllabusSansho/UI/WSL_SyllabusSansho.aspx?P1=I2172000&P2=2025&P3=20260401,I2172000,関数プログラミング,関数プログラミング,石川,緒方　和博,情報科学系科目（石川）,I217,日本語,1の2期,I120 基礎論理数学、I111 アルゴリズムとデータ構造,学修意欲の継続
https://syllabus.jaist.ac.jp/public/web/Syllabus/WebSyllabusSansho/UI/WSL_SyllabusSansho.aspx?P1=I217E400&P2=2025&P3=20260401,I217E400,関数プログラミング(E),関数プログラミング(E),石川,緒方　和博,情報科学系科目（石川）,I217E,英語,2の1期,"I120 Fundamentals of Logic and Mathematics, I111 Algorithms and Data Structures",To keep motivated to learn
https://syllabus.jaist.ac.jp/public/web/Syllabus/WebSyllabusSansho/UI/WSL_SyllabusSansho.aspx?P1=I620E000&P2=2025&P3=20260401,I620E000,集積回路特論(E),集積回路特論(E),石川,,情報科学系科目（石川）,I620E,英語,非開講,"I115 ”Digital Logic and Computer Design”, I214 ”System Optimization”, I218 ”Computer Architecture”",None
https://syllabus.jaist.ac.jp/public/web/Syllabus/WebSyllabusSansho/UI/WSL_SyllabusSansho.aspx?P1=I4320000&P2=2025&P3=20260401,I4320000,離散状態システムの理論,離散状態システムの理論,石川,,情報科学系科目（石川）,I432,日本語,非開講,I211数理論理学,I211数理論理学の知識を前提とする。
https://syllabus.jaist.ac.jp/public/web/Syllabus/WebSyllabusSansho/UI/WSL_SyllabusSansho.aspx?P1=I2132000&P2=2025&P3=20260401,I2132000,離散信号処理特論,離散信号処理特論,石川,浅野　文彦,情報科学系科目（石川）,I213,日本語,1の2期,I114（基礎情報数学）、I212（情報解析学特論）,微分積分と線形代数の基礎知識を前提とする。
https://syllabus.jaist.ac.jp/public/web/Syllabus/WebSyllabusSansho/UI/WSL_SyllabusSansho.aspx?P1=I213E500&P2=2025&P3=20260401,I213E500,離散信号処理特論(E),離散信号処理特論(E),石川,丁　洛榮,情報科学系科目（石川）,I213E,英語,2の2期,I212 Analysis for Information ScienceI114 Fundamental Mathematics for Information Science,None
https://syllabus.jaist.ac.jp/public/web/Syllabus/WebSyllabusSansho/UI/WSL_SyllabusSansho.aspx?P1=M620E600&P2=2025&P3=20260401,M620E600,電子機能特論(E),電子機能特論(E),石川,大島　義文,マテリアルサイエンス系科目,M620E,英語,冬期集中,"M211 Quantum Mechanics, M243 Solid State Physics I, M245 Mathematics for Condensed Matter Science and Technology, M420 Solid State Physics II","Basic knowledge of mathematics, quantum mechanics, and solid state physics is required."
https://syllabus.jaist.ac.jp/public/web/Syllabus/WebSyllabusSansho/UI/WSL_SyllabusSansho.aspx?P1=I4392000&P2=2025&P3=20260401,I4392000,音声情報処理特論,音声情報処理特論,石川,鵜木　祐史,情報科学系科目（石川）,I439,日本語,1の2期,I114基礎情報数学、I212 情報解析学特論、I213 離散信号処理特論、I225 統計的信号処理特論、I411認識処理工学特論,次のいずれか1科目以上の単位を修得していること。I212（情報解析学特論）、I213（離散信号処理特論）、I225（統計的信号処理特論）
https://syllabus.jaist.ac.jp/public/web/Syllabus/WebSyllabusSansho/UI/WSL_SyllabusSansho.aspx?P1=M2542000&P2=2025&P3=20260401,M2542000,高分子化学特論Ⅰ,高分子化学特論Ⅰ,石川,松村　和明,マテリアルサイエンス系科目,M254,日本語,1の2期,M112 材料化学概論、M221 有機分子化学特論を基礎とする。M225 機器分析化学特論、M423 機能性蛋白質特論、M424 高分子化学特論Ⅱ などとも関連し、高分子合成法のみでなく、材料科学全般を意識した合成手法について述べる。,なし
https://syllabus.jaist.ac.jp/public/web/Syllabus/WebSyllabusSansho/UI/WSL_SyllabusSansho.aspx?P1=M4244000&P2=2025&P3=20260401,M4244000,高分子化学特論Ⅱ,高分子化学特論Ⅱ,石川,松村　和明,マテリアルサイエンス系科目,M424,日本語,2の1期,M225　機器分析化学特論、M254　高分子化学特論Ⅰ,なし
https://syllabus.jaist.ac.jp/public/web/Syllabus/WebSyllabusSansho/UI/WSL_SyllabusSansho.aspx?P1=I4405000&P2=2025&P3=20260401,I4405000,高機能オペレーティングシステム,高機能オペレーティングシステム,石川,田中　清史,情報科学系科目（石川）,I440,日本語,2の2期,I233　オペレーティングシステム特論,I233（オペレーティングシステム特論）の知識を前提とする。
https://syllabus.jaist.ac.jp/public/web/Syllabus/WebSyllabusSansho/UI/WSL_SyllabusSansho.aspx?P1=I4412000&P2=2025&P3=20260401,I4412000,高機能コンピュータネットワーク,高機能コンピュータネットワーク,石川,宇多　仁,情報科学系科目（石川）,I441,日本語,1の2期,I226（コンピュータネットワーク特論）相当のコンピュータネットワーク基礎知識を有すること。また、I233（オペレーティングシステム特論）の履修、あるいはC言語あるいはPerl言語等によるシステムプログラミングの経験が望ましい。,なし
https://syllabus.jaist.ac.jp/public/web/Syllabus/WebSyllabusSansho/UI/WSL_SyllabusSansho.aspx?P1=I4814000&P2=2025&P3=20260401,I4814000,高信頼組込みシステム開発演習,高信頼組込みシステム開発演習,石川,鈴木　正人,情報科学系科目（石川）,I481,日本語,2の1期,任意の言語でプログラムが理解/作成できることI217　関数プログラミングI219　ソフトウェア設計論,本科目と「I482　高信頼組込みシステム開発プロセス設計」は継続しての履修を必要とする。片方のみの履修は不可。講義は日本語のみで実施するため、外国人の場合は「ビジネス日本語能力テスト（BJT）」において、J2レベル以上であること。
https://syllabus.jaist.ac.jp/public/web/Syllabus/WebSyllabusSansho/UI/WSL_SyllabusSansho.aspx?P1=I4825000&P2=2025&P3=20260401,I4825000,高信頼組込みシステム開発プロセス設計,高信頼組込みシステム開発プロセス設計,石川,鈴木　正人,情報科学系科目（石川）,I482,日本語,2の2期,任意の言語でプログラムが理解/作成できることI217　関数プログラミングI219　ソフトウェア設計論,本科目と「I481　高信頼組込みシステム開発演習」は継続しての履修を必要とする。片方のみの履修は不可。講義は日本語のみで実施するため、外国人の場合は「ビジネス日本語能力テスト（BJT）」において、J2レベル以上であること。
